2026-08-25 15:17:11,222: Discriminant_Analysis_Initialisation[Image: 1_080.pgm, function: DAI]-1:
1. Centroids: 45 [[2.6141067  1.         1.         1.0221435  0.         0.
 1.         0.11599226 0.         0.         0.         0.
 0.        ], [120.13398      0.53337955   0.17545387  18.285542     0.86624736
   0.23538525   0.6747227   13.456217     1.4146205    1.4350374
   1.9274013    0.36857158   0.8427273 ], [128.54234      0.39878887   0.31312627   9.930623     0.397519
   0.15141843   0.8039478   14.55524      0.54209775   1.0233612
   1.2974494    0.24106686   0.6727672 ], [124.905815    1.          1.          3.9963949   0.          0.
   1.         14.113565    0.          0.          0.          0.
   0.       ], [ 1.2937550e+02  5.6513989e-01  2.5194097e-01  8.6393442e+00
  7.1242458e-01 -1.1665603e-01  6.9957417e-01  1.4602151e+01
  5.8813345e-01  1.0512406e+00  1.4973009e+00  3.0663708e-01
  7.6153636e-01], [101.64235      0.50118214   0.12753135  37.934483     1.5572714
   0.26908904   0.57390785  11.119764     2.7831342    1.6891127
   2.3120792    0.5608109    1.03791   ], [37.389038    0.4811707   0.13631648 40.561905    1.5067315   0.2759545
  0.5815521   3.8047693   2.7220135   1.6653807   2.269836    0.5593556
  1.0179169 ], [1.2761798e+02 4.8963884e-01 4.7155571e-01 8.1773405e+00 3.0303073e-01
 5.9906028e-02 8.4968537e-01 1.4429233e+01 3.4138820e-01 7.9202139e-01
 9.9993443e-01 2.1220966e-01 6.1163670e-01], [ 1.23761536e+02  6.66672349e-01  7.33760536e-01  7.10125113e+00
  1.53868824e-01 -8.10798630e-02  9.24612105e-01  1.39098358e+01
  1.30790934e-01  4.22706366e-01  5.26676834e-01  1.30790934e-01
  4.22706366e-01], [1.17050194e+02 5.15120387e-01 6.48274496e-02 6.67107849e+01
 6.28874683e+00 3.05401742e-01 3.55814815e-01 1.30450668e+01
 1.19738865e+01 2.19758058e+00 2.96837234e+00 1.97503328e+00
 1.53008509e+00], [119.06772      0.849823     0.17810425  19.468561     0.82291496
   0.23961677   0.671686    13.316505     1.3580892    1.4255894
   1.9000206    0.33265102   0.7822909 ], [103.481674     0.8518752    0.13048735  36.666885     1.392671
   0.27883273   0.58379555  11.395034     2.512127     1.6422096
   2.229412     0.48009816   0.9528569 ], [29.678726    0.50414664  0.19045404 17.586468    1.0922583   0.21287112
  0.6588375   3.0028162   1.708225    1.4432739   1.9412994   0.50146514
  0.92157155], [ 1.3161972e+02  5.5312032e-01  3.6160645e-01  7.9205790e+00
  4.8098591e-01 -7.0455953e-02  7.7931595e-01  1.4865187e+01
  4.3141410e-01  9.0365165e-01  1.2083589e+00  2.7979937e-01
  7.1496767e-01], [1.26837883e+02 9.57463980e-01 3.48877311e-01 1.17379618e+01
 3.82424682e-01 1.23176806e-01 8.08790207e-01 1.43058567e+01
 4.90131408e-01 9.91241097e-01 1.25631821e+00 2.33984321e-01
 6.60644412e-01], [43.003487    0.8543636   0.14326856 39.418118    1.4174216   0.27782595
  0.5853304   4.3315306   2.5438933   1.6172729   2.1842566   0.521716
  0.9597168 ], [125.98248      0.9280509    0.25750616  10.167688     0.81506085
  -0.21872917   0.6729599   14.16077      0.56702244   1.0194757
   1.523663     0.33042037   0.7890493 ], [31.415022    0.58097285  0.2374331  11.612155    0.82015795 -0.09649065
  0.68241155  3.1545439   0.7026191   1.1172853   1.5986925   0.3545749
  0.82481515], [18.193548    0.6666659   0.733754    9.865927    0.16360964 -0.08108131
  0.9236351   1.5783318   0.13906717  0.4227105   0.52668375  0.13906717
  0.4227105 ], [46.682304    0.46171921  0.08170845 61.38486     4.317802    0.31431738
  0.40458336  5.1608744   8.320942    2.034011    2.7270215   1.426604
  1.4013125 ], [128.82954      0.6666671    0.5295694    6.2585225    0.31045508
  -0.1854439    0.8447733   14.646825     0.21013601   0.61043364
   0.82562494   0.21013601   0.61043364], [24.912806    0.4482296   0.31297615 13.582425    0.43419537  0.17132145
  0.7971232   2.2279263   0.6249659   1.0493325   1.3423144   0.26224095
  0.7059415 ], [1.1458213e+02 8.3785868e-01 6.4358786e-02 7.5500000e+01 7.7260823e+00
 3.1341290e-01 3.2442680e-01 1.2788333e+01 1.5124929e+01 2.2208338e+00
 2.9881063e+00 2.1746178e+00 1.5567709e+00], [127.02311      1.           0.561688     6.1922445    0.27937314
  -0.16329652   0.8603143   14.348679     0.19908407   0.5870408
   0.7806884    0.19908407   0.5870408 ], [23.705479    0.50342494  0.4708741  11.583904    0.30770603  0.06116251
  0.8492318   2.12517     0.3476272   0.7915575   0.99950343  0.21547024
  0.6115774 ], [ 1.1564122e+02  5.8343947e-01  1.8519555e-01  3.5928436e+01
  1.2648853e+00 -5.9446692e-02  6.2401885e-01  1.2534734e+01
  1.1476337e+00  1.3221736e+00  1.9310837e+00  5.1118332e-01
  9.8851144e-01], [ 2.1148935e+01  5.4278922e-01  3.8274485e-01  1.0667021e+01
  5.6042510e-01 -1.2418347e-02  7.8208375e-01  1.9987208e+00
  5.7246810e-01  9.5575655e-01  1.2548112e+00  3.5127658e-01
  7.7976799e-01], [34.616913    0.8587612   0.2006779  17.847015    0.9656709   0.22192137
  0.6700005   3.399504    1.5190052   1.394576    1.8493886   0.43537328
  0.8153864 ], [103.010994     0.46599495   0.14749317  44.804947     2.4840667
   0.22397631   0.55576897  11.025278     3.977745     1.721365
   2.250678     1.1401094    1.283862  ], [9.1636360e+01 4.9881682e-01 5.8106091e-02 5.4978786e+01 3.2612112e+00
 3.3519673e-01 3.9097691e-01 1.0004243e+01 6.5593896e+00 2.1403909e+00
 2.9836667e+00 8.3030325e-01 1.2387277e+00], [31.957315    0.8926157   0.23496176 12.14939     0.954878   -0.19739139
  0.65536606  3.2634146   0.6955488   1.0928699   1.6418978   0.39634126
  0.85922927], [26.99379     0.4792612   0.19909169 48.930126    2.3723602   0.19822228
  0.59294266  3.293479    3.6197045   1.586826    2.0550392   1.20486
  1.2184216 ], [33.239727    0.5909435   0.20192628 37.7363      1.2017128  -0.05929419
  0.6369925   4.0215764   1.1039219   1.2904525   1.8526013   0.51481175
  0.9938393 ], [ 1.8182394e+02  6.0093838e-01  9.2825696e-02  5.5917252e+01
  4.6647892e+00 -7.8121983e-02  4.0965337e-01  1.8783806e+01
  3.9473236e+00  1.8187230e+00  2.6222878e+00  1.6030984e+00
  1.4544059e+00], [104.7554       0.46902472   0.12730218  50.22842      3.1982002
   0.22452769   0.5046715   10.834175     5.066599     1.784045
   2.3743033    1.3662407    1.3289793 ], [33.603176    0.98015875  0.3631546  12.996033    0.3642855   0.12289584
  0.81785655  2.9777782   0.46654698  0.9555219   1.2080258   0.23035757
  0.6532591 ], [ 1.2458731e+02  8.3024758e-01  5.1250046e-01  1.2857143e+01
  3.2499963e-01 -8.2728482e-04  8.4749913e-01  1.3848810e+01
  3.2374969e-01  8.1880909e-01  1.0267544e+00  2.2874965e-01
  6.2241602e-01], [30.609755    0.66666645  0.5371849   8.469512    0.30203223 -0.17912506
  0.8489833   2.893089    0.2078656   0.60576546  0.815119    0.2078656
  0.60576546], [49.55652     0.47246394  0.06282607 55.37391     3.2256515   0.33747932
  0.396064    5.2117386   6.52076     2.116968    2.925205    0.83789104
  1.2395943 ], [116.13334      0.8650797    0.2015      33.79524      1.4185714
  -0.17418164   0.5958572   12.357619     1.0114049    1.2391362
   1.8632346    0.5222619    0.963757  ], [116.21212      0.42592597   0.32170463  31.429293     0.43535352
   0.15648077   0.79626274  12.832321     0.6104544    1.0429177
   1.3375155    0.26196983   0.7056264 ], [21.069767    0.39147305  0.3423549  32.720932    0.42325595  0.15474617
  0.8037213   2.0872104   0.5955808   1.0094229   1.2939357   0.26093045
  0.7022826 ], [ 1.1935365e+02  8.3333296e-01  3.8144821e-01  1.2225609e+01
  5.3231728e-01 -2.6064377e-02  7.8652459e-01  1.3170119e+01
  5.2673787e-01  9.8299617e-01  1.3216400e+00  3.3246952e-01
  7.7491397e-01], [15.86076     0.51969063  0.38368687 36.272152    0.67721564  0.05023308
  0.779114    1.6632907   0.76075995  1.0349506   1.3513396   0.44468382
  0.863185  ], [30.923077    0.82727903  0.19166666 41.108974    1.2891026  -0.14351462
  0.6185258   3.8955126   1.0273398   1.276501    1.9088567   0.53439105
  1.0137739 ]]
2026-08-25 15:23:43,137: Discriminant_Analysis_Initialisation[Image: 1_080.pgm, function: DAI]-2:
1. Centroids: 45
2.   centroid 0: [2.6141067  1.         1.         1.0221435  0.         0.
 1.         0.11599226 0.         0.         0.         0.
 0.        ]
3.   centroid 1: [120.13398      0.53337955   0.17545387  18.285542     0.86624736
   0.23538525   0.6747227   13.456217     1.4146205    1.4350374
   1.9274013    0.36857158   0.8427273 ]
4.   centroid 2: [128.54234      0.39878887   0.31312627   9.930623     0.397519
   0.15141843   0.8039478   14.55524      0.54209775   1.0233612
   1.2974494    0.24106686   0.6727672 ]
5.   centroid 3: [124.905815    1.          1.          3.9963949   0.          0.
   1.         14.113565    0.          0.          0.          0.
   0.       ]
6.   centroid 4: [ 1.2937550e+02  5.6513989e-01  2.5194097e-01  8.6393442e+00
  7.1242458e-01 -1.1665603e-01  6.9957417e-01  1.4602151e+01
  5.8813345e-01  1.0512406e+00  1.4973009e+00  3.0663708e-01
  7.6153636e-01]
7.   centroid 5: [101.64235      0.50118214   0.12753135  37.934483     1.5572714
   0.26908904   0.57390785  11.119764     2.7831342    1.6891127
   2.3120792    0.5608109    1.03791   ]
8.   centroid 6: [37.389038    0.4811707   0.13631648 40.561905    1.5067315   0.2759545
  0.5815521   3.8047693   2.7220135   1.6653807   2.269836    0.5593556
  1.0179169 ]
9.   centroid 7: [1.2761798e+02 4.8963884e-01 4.7155571e-01 8.1773405e+00 3.0303073e-01
 5.9906028e-02 8.4968537e-01 1.4429233e+01 3.4138820e-01 7.9202139e-01
 9.9993443e-01 2.1220966e-01 6.1163670e-01]
10.   centroid 8: [ 1.23761536e+02  6.66672349e-01  7.33760536e-01  7.10125113e+00
  1.53868824e-01 -8.10798630e-02  9.24612105e-01  1.39098358e+01
  1.30790934e-01  4.22706366e-01  5.26676834e-01  1.30790934e-01
  4.22706366e-01]
11.   centroid 9: [1.17050194e+02 5.15120387e-01 6.48274496e-02 6.67107849e+01
 6.28874683e+00 3.05401742e-01 3.55814815e-01 1.30450668e+01
 1.19738865e+01 2.19758058e+00 2.96837234e+00 1.97503328e+00
 1.53008509e+00]
12.   centroid 10: [119.06772      0.849823     0.17810425  19.468561     0.82291496
   0.23961677   0.671686    13.316505     1.3580892    1.4255894
   1.9000206    0.33265102   0.7822909 ]
13.   centroid 11: [103.481674     0.8518752    0.13048735  36.666885     1.392671
   0.27883273   0.58379555  11.395034     2.512127     1.6422096
   2.229412     0.48009816   0.9528569 ]
14.   centroid 12: [29.678726    0.50414664  0.19045404 17.586468    1.0922583   0.21287112
  0.6588375   3.0028162   1.708225    1.4432739   1.9412994   0.50146514
  0.92157155]
15.   centroid 13: [ 1.3161972e+02  5.5312032e-01  3.6160645e-01  7.9205790e+00
  4.8098591e-01 -7.0455953e-02  7.7931595e-01  1.4865187e+01
  4.3141410e-01  9.0365165e-01  1.2083589e+00  2.7979937e-01
  7.1496767e-01]
16.   centroid 14: [1.26837883e+02 9.57463980e-01 3.48877311e-01 1.17379618e+01
 3.82424682e-01 1.23176806e-01 8.08790207e-01 1.43058567e+01
 4.90131408e-01 9.91241097e-01 1.25631821e+00 2.33984321e-01
 6.60644412e-01]
17.   centroid 15: [43.003487    0.8543636   0.14326856 39.418118    1.4174216   0.27782595
  0.5853304   4.3315306   2.5438933   1.6172729   2.1842566   0.521716
  0.9597168 ]
18.   centroid 16: [125.98248      0.9280509    0.25750616  10.167688     0.81506085
  -0.21872917   0.6729599   14.16077      0.56702244   1.0194757
   1.523663     0.33042037   0.7890493 ]
19.   centroid 17: [31.415022    0.58097285  0.2374331  11.612155    0.82015795 -0.09649065
  0.68241155  3.1545439   0.7026191   1.1172853   1.5986925   0.3545749
  0.82481515]
20.   centroid 18: [18.193548    0.6666659   0.733754    9.865927    0.16360964 -0.08108131
  0.9236351   1.5783318   0.13906717  0.4227105   0.52668375  0.13906717
  0.4227105 ]
21.   centroid 19: [46.682304    0.46171921  0.08170845 61.38486     4.317802    0.31431738
  0.40458336  5.1608744   8.320942    2.034011    2.7270215   1.426604
  1.4013125 ]
22.   centroid 20: [128.82954      0.6666671    0.5295694    6.2585225    0.31045508
  -0.1854439    0.8447733   14.646825     0.21013601   0.61043364
   0.82562494   0.21013601   0.61043364]
23.   centroid 21: [24.912806    0.4482296   0.31297615 13.582425    0.43419537  0.17132145
  0.7971232   2.2279263   0.6249659   1.0493325   1.3423144   0.26224095
  0.7059415 ]
24.   centroid 22: [1.1458213e+02 8.3785868e-01 6.4358786e-02 7.5500000e+01 7.7260823e+00
 3.1341290e-01 3.2442680e-01 1.2788333e+01 1.5124929e+01 2.2208338e+00
 2.9881063e+00 2.1746178e+00 1.5567709e+00]
25.   centroid 23: [127.02311      1.           0.561688     6.1922445    0.27937314
  -0.16329652   0.8603143   14.348679     0.19908407   0.5870408
   0.7806884    0.19908407   0.5870408 ]
26.   centroid 24: [23.705479    0.50342494  0.4708741  11.583904    0.30770603  0.06116251
  0.8492318   2.12517     0.3476272   0.7915575   0.99950343  0.21547024
  0.6115774 ]
27.   centroid 25: [ 1.1564122e+02  5.8343947e-01  1.8519555e-01  3.5928436e+01
  1.2648853e+00 -5.9446692e-02  6.2401885e-01  1.2534734e+01
  1.1476337e+00  1.3221736e+00  1.9310837e+00  5.1118332e-01
  9.8851144e-01]
28.   centroid 26: [ 2.1148935e+01  5.4278922e-01  3.8274485e-01  1.0667021e+01
  5.6042510e-01 -1.2418347e-02  7.8208375e-01  1.9987208e+00
  5.7246810e-01  9.5575655e-01  1.2548112e+00  3.5127658e-01
  7.7976799e-01]
29.   centroid 27: [34.616913    0.8587612   0.2006779  17.847015    0.9656709   0.22192137
  0.6700005   3.399504    1.5190052   1.394576    1.8493886   0.43537328
  0.8153864 ]
30.   centroid 28: [103.010994     0.46599495   0.14749317  44.804947     2.4840667
   0.22397631   0.55576897  11.025278     3.977745     1.721365
   2.250678     1.1401094    1.283862  ]
31.   centroid 29: [9.1636360e+01 4.9881682e-01 5.8106091e-02 5.4978786e+01 3.2612112e+00
 3.3519673e-01 3.9097691e-01 1.0004243e+01 6.5593896e+00 2.1403909e+00
 2.9836667e+00 8.3030325e-01 1.2387277e+00]
32.   centroid 30: [31.957315    0.8926157   0.23496176 12.14939     0.954878   -0.19739139
  0.65536606  3.2634146   0.6955488   1.0928699   1.6418978   0.39634126
  0.85922927]
33.   centroid 31: [26.99379     0.4792612   0.19909169 48.930126    2.3723602   0.19822228
  0.59294266  3.293479    3.6197045   1.586826    2.0550392   1.20486
  1.2184216 ]
34.   centroid 32: [33.239727    0.5909435   0.20192628 37.7363      1.2017128  -0.05929419
  0.6369925   4.0215764   1.1039219   1.2904525   1.8526013   0.51481175
  0.9938393 ]
35.   centroid 33: [ 1.8182394e+02  6.0093838e-01  9.2825696e-02  5.5917252e+01
  4.6647892e+00 -7.8121983e-02  4.0965337e-01  1.8783806e+01
  3.9473236e+00  1.8187230e+00  2.6222878e+00  1.6030984e+00
  1.4544059e+00]
36.   centroid 34: [104.7554       0.46902472   0.12730218  50.22842      3.1982002
   0.22452769   0.5046715   10.834175     5.066599     1.784045
   2.3743033    1.3662407    1.3289793 ]
37.   centroid 35: [33.603176    0.98015875  0.3631546  12.996033    0.3642855   0.12289584
  0.81785655  2.9777782   0.46654698  0.9555219   1.2080258   0.23035757
  0.6532591 ]
38.   centroid 36: [ 1.2458731e+02  8.3024758e-01  5.1250046e-01  1.2857143e+01
  3.2499963e-01 -8.2728482e-04  8.4749913e-01  1.3848810e+01
  3.2374969e-01  8.1880909e-01  1.0267544e+00  2.2874965e-01
  6.2241602e-01]
39.   centroid 37: [30.609755    0.66666645  0.5371849   8.469512    0.30203223 -0.17912506
  0.8489833   2.893089    0.2078656   0.60576546  0.815119    0.2078656
  0.60576546]
40.   centroid 38: [49.55652     0.47246394  0.06282607 55.37391     3.2256515   0.33747932
  0.396064    5.2117386   6.52076     2.116968    2.925205    0.83789104
  1.2395943 ]
41.   centroid 39: [116.13334      0.8650797    0.2015      33.79524      1.4185714
  -0.17418164   0.5958572   12.357619     1.0114049    1.2391362
   1.8632346    0.5222619    0.963757  ]
42.   centroid 40: [116.21212      0.42592597   0.32170463  31.429293     0.43535352
   0.15648077   0.79626274  12.832321     0.6104544    1.0429177
   1.3375155    0.26196983   0.7056264 ]
43.   centroid 41: [21.069767    0.39147305  0.3423549  32.720932    0.42325595  0.15474617
  0.8037213   2.0872104   0.5955808   1.0094229   1.2939357   0.26093045
  0.7022826 ]
44.   centroid 42: [ 1.1935365e+02  8.3333296e-01  3.8144821e-01  1.2225609e+01
  5.3231728e-01 -2.6064377e-02  7.8652459e-01  1.3170119e+01
  5.2673787e-01  9.8299617e-01  1.3216400e+00  3.3246952e-01
  7.7491397e-01]
45.   centroid 43: [15.86076     0.51969063  0.38368687 36.272152    0.67721564  0.05023308
  0.779114    1.6632907   0.76075995  1.0349506   1.3513396   0.44468382
  0.863185  ]
46.   centroid 44: [30.923077    0.82727903  0.19166666 41.108974    1.2891026  -0.14351462
  0.6185258   3.8955126   1.0273398   1.276501    1.9088567   0.53439105
  1.0137739 ]
2026-08-26 09:58:33,864: Discriminant_Analysis_Initialisation[Image: 1_080.pgm, function: DAI]-3:
1. Centroids: 45
2.   centroid 0: [2.6141067  1.         1.         1.0221435  0.         0.
 1.         0.11599226 0.         0.         0.         0.
 0.        ]
3.   centroid 1: [120.13398      0.53337955   0.17545387  18.285542     0.86624736
   0.23538525   0.6747227   13.456217     1.4146205    1.4350374
   1.9274013    0.36857158   0.8427273 ]
4.   centroid 2: [128.54234      0.39878887   0.31312627   9.930623     0.397519
   0.15141843   0.8039478   14.55524      0.54209775   1.0233612
   1.2974494    0.24106686   0.6727672 ]
5.   centroid 3: [124.905815    1.          1.          3.9963949   0.          0.
   1.         14.113565    0.          0.          0.          0.
   0.       ]
6.   centroid 4: [ 1.2937550e+02  5.6513989e-01  2.5194097e-01  8.6393442e+00
  7.1242458e-01 -1.1665603e-01  6.9957417e-01  1.4602151e+01
  5.8813345e-01  1.0512406e+00  1.4973009e+00  3.0663708e-01
  7.6153636e-01]
7.   centroid 5: [101.64235      0.50118214   0.12753135  37.934483     1.5572714
   0.26908904   0.57390785  11.119764     2.7831342    1.6891127
   2.3120792    0.5608109    1.03791   ]
8.   centroid 6: [37.389038    0.4811707   0.13631648 40.561905    1.5067315   0.2759545
  0.5815521   3.8047693   2.7220135   1.6653807   2.269836    0.5593556
  1.0179169 ]
9.   centroid 7: [1.2761798e+02 4.8963884e-01 4.7155571e-01 8.1773405e+00 3.0303073e-01
 5.9906028e-02 8.4968537e-01 1.4429233e+01 3.4138820e-01 7.9202139e-01
 9.9993443e-01 2.1220966e-01 6.1163670e-01]
10.   centroid 8: [ 1.23761536e+02  6.66672349e-01  7.33760536e-01  7.10125113e+00
  1.53868824e-01 -8.10798630e-02  9.24612105e-01  1.39098358e+01
  1.30790934e-01  4.22706366e-01  5.26676834e-01  1.30790934e-01
  4.22706366e-01]
11.   centroid 9: [1.17050194e+02 5.15120387e-01 6.48274496e-02 6.67107849e+01
 6.28874683e+00 3.05401742e-01 3.55814815e-01 1.30450668e+01
 1.19738865e+01 2.19758058e+00 2.96837234e+00 1.97503328e+00
 1.53008509e+00]
12.   centroid 10: [119.06772      0.849823     0.17810425  19.468561     0.82291496
   0.23961677   0.671686    13.316505     1.3580892    1.4255894
   1.9000206    0.33265102   0.7822909 ]
13.   centroid 11: [103.481674     0.8518752    0.13048735  36.666885     1.392671
   0.27883273   0.58379555  11.395034     2.512127     1.6422096
   2.229412     0.48009816   0.9528569 ]
14.   centroid 12: [29.678726    0.50414664  0.19045404 17.586468    1.0922583   0.21287112
  0.6588375   3.0028162   1.708225    1.4432739   1.9412994   0.50146514
  0.92157155]
15.   centroid 13: [ 1.3161972e+02  5.5312032e-01  3.6160645e-01  7.9205790e+00
  4.8098591e-01 -7.0455953e-02  7.7931595e-01  1.4865187e+01
  4.3141410e-01  9.0365165e-01  1.2083589e+00  2.7979937e-01
  7.1496767e-01]
16.   centroid 14: [1.26837883e+02 9.57463980e-01 3.48877311e-01 1.17379618e+01
 3.82424682e-01 1.23176806e-01 8.08790207e-01 1.43058567e+01
 4.90131408e-01 9.91241097e-01 1.25631821e+00 2.33984321e-01
 6.60644412e-01]
17.   centroid 15: [43.003487    0.8543636   0.14326856 39.418118    1.4174216   0.27782595
  0.5853304   4.3315306   2.5438933   1.6172729   2.1842566   0.521716
  0.9597168 ]
18.   centroid 16: [125.98248      0.9280509    0.25750616  10.167688     0.81506085
  -0.21872917   0.6729599   14.16077      0.56702244   1.0194757
   1.523663     0.33042037   0.7890493 ]
19.   centroid 17: [31.415022    0.58097285  0.2374331  11.612155    0.82015795 -0.09649065
  0.68241155  3.1545439   0.7026191   1.1172853   1.5986925   0.3545749
  0.82481515]
20.   centroid 18: [18.193548    0.6666659   0.733754    9.865927    0.16360964 -0.08108131
  0.9236351   1.5783318   0.13906717  0.4227105   0.52668375  0.13906717
  0.4227105 ]
21.   centroid 19: [46.682304    0.46171921  0.08170845 61.38486     4.317802    0.31431738
  0.40458336  5.1608744   8.320942    2.034011    2.7270215   1.426604
  1.4013125 ]
22.   centroid 20: [128.82954      0.6666671    0.5295694    6.2585225    0.31045508
  -0.1854439    0.8447733   14.646825     0.21013601   0.61043364
   0.82562494   0.21013601   0.61043364]
23.   centroid 21: [24.912806    0.4482296   0.31297615 13.582425    0.43419537  0.17132145
  0.7971232   2.2279263   0.6249659   1.0493325   1.3423144   0.26224095
  0.7059415 ]
24.   centroid 22: [1.1458213e+02 8.3785868e-01 6.4358786e-02 7.5500000e+01 7.7260823e+00
 3.1341290e-01 3.2442680e-01 1.2788333e+01 1.5124929e+01 2.2208338e+00
 2.9881063e+00 2.1746178e+00 1.5567709e+00]
25.   centroid 23: [127.02311      1.           0.561688     6.1922445    0.27937314
  -0.16329652   0.8603143   14.348679     0.19908407   0.5870408
   0.7806884    0.19908407   0.5870408 ]
26.   centroid 24: [23.705479    0.50342494  0.4708741  11.583904    0.30770603  0.06116251
  0.8492318   2.12517     0.3476272   0.7915575   0.99950343  0.21547024
  0.6115774 ]
27.   centroid 25: [ 1.1564122e+02  5.8343947e-01  1.8519555e-01  3.5928436e+01
  1.2648853e+00 -5.9446692e-02  6.2401885e-01  1.2534734e+01
  1.1476337e+00  1.3221736e+00  1.9310837e+00  5.1118332e-01
  9.8851144e-01]
28.   centroid 26: [ 2.1148935e+01  5.4278922e-01  3.8274485e-01  1.0667021e+01
  5.6042510e-01 -1.2418347e-02  7.8208375e-01  1.9987208e+00
  5.7246810e-01  9.5575655e-01  1.2548112e+00  3.5127658e-01
  7.7976799e-01]
29.   centroid 27: [34.616913    0.8587612   0.2006779  17.847015    0.9656709   0.22192137
  0.6700005   3.399504    1.5190052   1.394576    1.8493886   0.43537328
  0.8153864 ]
30.   centroid 28: [103.010994     0.46599495   0.14749317  44.804947     2.4840667
   0.22397631   0.55576897  11.025278     3.977745     1.721365
   2.250678     1.1401094    1.283862  ]
31.   centroid 29: [9.1636360e+01 4.9881682e-01 5.8106091e-02 5.4978786e+01 3.2612112e+00
 3.3519673e-01 3.9097691e-01 1.0004243e+01 6.5593896e+00 2.1403909e+00
 2.9836667e+00 8.3030325e-01 1.2387277e+00]
32.   centroid 30: [31.957315    0.8926157   0.23496176 12.14939     0.954878   -0.19739139
  0.65536606  3.2634146   0.6955488   1.0928699   1.6418978   0.39634126
  0.85922927]
33.   centroid 31: [26.99379     0.4792612   0.19909169 48.930126    2.3723602   0.19822228
  0.59294266  3.293479    3.6197045   1.586826    2.0550392   1.20486
  1.2184216 ]
34.   centroid 32: [33.239727    0.5909435   0.20192628 37.7363      1.2017128  -0.05929419
  0.6369925   4.0215764   1.1039219   1.2904525   1.8526013   0.51481175
  0.9938393 ]
35.   centroid 33: [ 1.8182394e+02  6.0093838e-01  9.2825696e-02  5.5917252e+01
  4.6647892e+00 -7.8121983e-02  4.0965337e-01  1.8783806e+01
  3.9473236e+00  1.8187230e+00  2.6222878e+00  1.6030984e+00
  1.4544059e+00]
36.   centroid 34: [104.7554       0.46902472   0.12730218  50.22842      3.1982002
   0.22452769   0.5046715   10.834175     5.066599     1.784045
   2.3743033    1.3662407    1.3289793 ]
37.   centroid 35: [33.603176    0.98015875  0.3631546  12.996033    0.3642855   0.12289584
  0.81785655  2.9777782   0.46654698  0.9555219   1.2080258   0.23035757
  0.6532591 ]
38.   centroid 36: [ 1.2458731e+02  8.3024758e-01  5.1250046e-01  1.2857143e+01
  3.2499963e-01 -8.2728482e-04  8.4749913e-01  1.3848810e+01
  3.2374969e-01  8.1880909e-01  1.0267544e+00  2.2874965e-01
  6.2241602e-01]
39.   centroid 37: [30.609755    0.66666645  0.5371849   8.469512    0.30203223 -0.17912506
  0.8489833   2.893089    0.2078656   0.60576546  0.815119    0.2078656
  0.60576546]
40.   centroid 38: [49.55652     0.47246394  0.06282607 55.37391     3.2256515   0.33747932
  0.396064    5.2117386   6.52076     2.116968    2.925205    0.83789104
  1.2395943 ]
41.   centroid 39: [116.13334      0.8650797    0.2015      33.79524      1.4185714
  -0.17418164   0.5958572   12.357619     1.0114049    1.2391362
   1.8632346    0.5222619    0.963757  ]
42.   centroid 40: [116.21212      0.42592597   0.32170463  31.429293     0.43535352
   0.15648077   0.79626274  12.832321     0.6104544    1.0429177
   1.3375155    0.26196983   0.7056264 ]
43.   centroid 41: [21.069767    0.39147305  0.3423549  32.720932    0.42325595  0.15474617
  0.8037213   2.0872104   0.5955808   1.0094229   1.2939357   0.26093045
  0.7022826 ]
44.   centroid 42: [ 1.1935365e+02  8.3333296e-01  3.8144821e-01  1.2225609e+01
  5.3231728e-01 -2.6064377e-02  7.8652459e-01  1.3170119e+01
  5.2673787e-01  9.8299617e-01  1.3216400e+00  3.3246952e-01
  7.7491397e-01]
45.   centroid 43: [15.86076     0.51969063  0.38368687 36.272152    0.67721564  0.05023308
  0.779114    1.6632907   0.76075995  1.0349506   1.3513396   0.44468382
  0.863185  ]
46.   centroid 44: [30.923077    0.82727903  0.19166666 41.108974    1.2891026  -0.14351462
  0.6185258   3.8955126   1.0273398   1.276501    1.9088567   0.53439105
  1.0137739 ]
2026-08-26 09:59:38,384: Discriminant_Analysis_Initialisation[Image: 1_080.pgm, function: DAI]-4:
1. Centroids: 45
2.   centroid 0: [2.6141067  1.         1.         1.0221435  0.         0.
 1.         0.11599226 0.         0.         0.         0.
 0.        ]
3.   centroid 1: [120.13398      0.53337955   0.17545387  18.285542     0.86624736
   0.23538525   0.6747227   13.456217     1.4146205    1.4350374
   1.9274013    0.36857158   0.8427273 ]
4.   centroid 2: [128.54234      0.39878887   0.31312627   9.930623     0.397519
   0.15141843   0.8039478   14.55524      0.54209775   1.0233612
   1.2974494    0.24106686   0.6727672 ]
5.   centroid 3: [124.905815    1.          1.          3.9963949   0.          0.
   1.         14.113565    0.          0.          0.          0.
   0.       ]
6.   centroid 4: [ 1.2937550e+02  5.6513989e-01  2.5194097e-01  8.6393442e+00
  7.1242458e-01 -1.1665603e-01  6.9957417e-01  1.4602151e+01
  5.8813345e-01  1.0512406e+00  1.4973009e+00  3.0663708e-01
  7.6153636e-01]
7.   centroid 5: [101.64235      0.50118214   0.12753135  37.934483     1.5572714
   0.26908904   0.57390785  11.119764     2.7831342    1.6891127
   2.3120792    0.5608109    1.03791   ]
8.   centroid 6: [37.389038    0.4811707   0.13631648 40.561905    1.5067315   0.2759545
  0.5815521   3.8047693   2.7220135   1.6653807   2.269836    0.5593556
  1.0179169 ]
9.   centroid 7: [1.2761798e+02 4.8963884e-01 4.7155571e-01 8.1773405e+00 3.0303073e-01
 5.9906028e-02 8.4968537e-01 1.4429233e+01 3.4138820e-01 7.9202139e-01
 9.9993443e-01 2.1220966e-01 6.1163670e-01]
10.   centroid 8: [ 1.23761536e+02  6.66672349e-01  7.33760536e-01  7.10125113e+00
  1.53868824e-01 -8.10798630e-02  9.24612105e-01  1.39098358e+01
  1.30790934e-01  4.22706366e-01  5.26676834e-01  1.30790934e-01
  4.22706366e-01]
11.   centroid 9: [1.17050194e+02 5.15120387e-01 6.48274496e-02 6.67107849e+01
 6.28874683e+00 3.05401742e-01 3.55814815e-01 1.30450668e+01
 1.19738865e+01 2.19758058e+00 2.96837234e+00 1.97503328e+00
 1.53008509e+00]
12.   centroid 10: [119.06772      0.849823     0.17810425  19.468561     0.82291496
   0.23961677   0.671686    13.316505     1.3580892    1.4255894
   1.9000206    0.33265102   0.7822909 ]
13.   centroid 11: [103.481674     0.8518752    0.13048735  36.666885     1.392671
   0.27883273   0.58379555  11.395034     2.512127     1.6422096
   2.229412     0.48009816   0.9528569 ]
14.   centroid 12: [29.678726    0.50414664  0.19045404 17.586468    1.0922583   0.21287112
  0.6588375   3.0028162   1.708225    1.4432739   1.9412994   0.50146514
  0.92157155]
15.   centroid 13: [ 1.3161972e+02  5.5312032e-01  3.6160645e-01  7.9205790e+00
  4.8098591e-01 -7.0455953e-02  7.7931595e-01  1.4865187e+01
  4.3141410e-01  9.0365165e-01  1.2083589e+00  2.7979937e-01
  7.1496767e-01]
16.   centroid 14: [1.26837883e+02 9.57463980e-01 3.48877311e-01 1.17379618e+01
 3.82424682e-01 1.23176806e-01 8.08790207e-01 1.43058567e+01
 4.90131408e-01 9.91241097e-01 1.25631821e+00 2.33984321e-01
 6.60644412e-01]
17.   centroid 15: [43.003487    0.8543636   0.14326856 39.418118    1.4174216   0.27782595
  0.5853304   4.3315306   2.5438933   1.6172729   2.1842566   0.521716
  0.9597168 ]
18.   centroid 16: [125.98248      0.9280509    0.25750616  10.167688     0.81506085
  -0.21872917   0.6729599   14.16077      0.56702244   1.0194757
   1.523663     0.33042037   0.7890493 ]
19.   centroid 17: [31.415022    0.58097285  0.2374331  11.612155    0.82015795 -0.09649065
  0.68241155  3.1545439   0.7026191   1.1172853   1.5986925   0.3545749
  0.82481515]
20.   centroid 18: [18.193548    0.6666659   0.733754    9.865927    0.16360964 -0.08108131
  0.9236351   1.5783318   0.13906717  0.4227105   0.52668375  0.13906717
  0.4227105 ]
21.   centroid 19: [46.682304    0.46171921  0.08170845 61.38486     4.317802    0.31431738
  0.40458336  5.1608744   8.320942    2.034011    2.7270215   1.426604
  1.4013125 ]
22.   centroid 20: [128.82954      0.6666671    0.5295694    6.2585225    0.31045508
  -0.1854439    0.8447733   14.646825     0.21013601   0.61043364
   0.82562494   0.21013601   0.61043364]
23.   centroid 21: [24.912806    0.4482296   0.31297615 13.582425    0.43419537  0.17132145
  0.7971232   2.2279263   0.6249659   1.0493325   1.3423144   0.26224095
  0.7059415 ]
24.   centroid 22: [1.1458213e+02 8.3785868e-01 6.4358786e-02 7.5500000e+01 7.7260823e+00
 3.1341290e-01 3.2442680e-01 1.2788333e+01 1.5124929e+01 2.2208338e+00
 2.9881063e+00 2.1746178e+00 1.5567709e+00]
25.   centroid 23: [127.02311      1.           0.561688     6.1922445    0.27937314
  -0.16329652   0.8603143   14.348679     0.19908407   0.5870408
   0.7806884    0.19908407   0.5870408 ]
26.   centroid 24: [23.705479    0.50342494  0.4708741  11.583904    0.30770603  0.06116251
  0.8492318   2.12517     0.3476272   0.7915575   0.99950343  0.21547024
  0.6115774 ]
27.   centroid 25: [ 1.1564122e+02  5.8343947e-01  1.8519555e-01  3.5928436e+01
  1.2648853e+00 -5.9446692e-02  6.2401885e-01  1.2534734e+01
  1.1476337e+00  1.3221736e+00  1.9310837e+00  5.1118332e-01
  9.8851144e-01]
28.   centroid 26: [ 2.1148935e+01  5.4278922e-01  3.8274485e-01  1.0667021e+01
  5.6042510e-01 -1.2418347e-02  7.8208375e-01  1.9987208e+00
  5.7246810e-01  9.5575655e-01  1.2548112e+00  3.5127658e-01
  7.7976799e-01]
29.   centroid 27: [34.616913    0.8587612   0.2006779  17.847015    0.9656709   0.22192137
  0.6700005   3.399504    1.5190052   1.394576    1.8493886   0.43537328
  0.8153864 ]
30.   centroid 28: [103.010994     0.46599495   0.14749317  44.804947     2.4840667
   0.22397631   0.55576897  11.025278     3.977745     1.721365
   2.250678     1.1401094    1.283862  ]
31.   centroid 29: [9.1636360e+01 4.9881682e-01 5.8106091e-02 5.4978786e+01 3.2612112e+00
 3.3519673e-01 3.9097691e-01 1.0004243e+01 6.5593896e+00 2.1403909e+00
 2.9836667e+00 8.3030325e-01 1.2387277e+00]
32.   centroid 30: [31.957315    0.8926157   0.23496176 12.14939     0.954878   -0.19739139
  0.65536606  3.2634146   0.6955488   1.0928699   1.6418978   0.39634126
  0.85922927]
33.   centroid 31: [26.99379     0.4792612   0.19909169 48.930126    2.3723602   0.19822228
  0.59294266  3.293479    3.6197045   1.586826    2.0550392   1.20486
  1.2184216 ]
34.   centroid 32: [33.239727    0.5909435   0.20192628 37.7363      1.2017128  -0.05929419
  0.6369925   4.0215764   1.1039219   1.2904525   1.8526013   0.51481175
  0.9938393 ]
35.   centroid 33: [ 1.8182394e+02  6.0093838e-01  9.2825696e-02  5.5917252e+01
  4.6647892e+00 -7.8121983e-02  4.0965337e-01  1.8783806e+01
  3.9473236e+00  1.8187230e+00  2.6222878e+00  1.6030984e+00
  1.4544059e+00]
36.   centroid 34: [104.7554       0.46902472   0.12730218  50.22842      3.1982002
   0.22452769   0.5046715   10.834175     5.066599     1.784045
   2.3743033    1.3662407    1.3289793 ]
37.   centroid 35: [33.603176    0.98015875  0.3631546  12.996033    0.3642855   0.12289584
  0.81785655  2.9777782   0.46654698  0.9555219   1.2080258   0.23035757
  0.6532591 ]
38.   centroid 36: [ 1.2458731e+02  8.3024758e-01  5.1250046e-01  1.2857143e+01
  3.2499963e-01 -8.2728482e-04  8.4749913e-01  1.3848810e+01
  3.2374969e-01  8.1880909e-01  1.0267544e+00  2.2874965e-01
  6.2241602e-01]
39.   centroid 37: [30.609755    0.66666645  0.5371849   8.469512    0.30203223 -0.17912506
  0.8489833   2.893089    0.2078656   0.60576546  0.815119    0.2078656
  0.60576546]
40.   centroid 38: [49.55652     0.47246394  0.06282607 55.37391     3.2256515   0.33747932
  0.396064    5.2117386   6.52076     2.116968    2.925205    0.83789104
  1.2395943 ]
41.   centroid 39: [116.13334      0.8650797    0.2015      33.79524      1.4185714
  -0.17418164   0.5958572   12.357619     1.0114049    1.2391362
   1.8632346    0.5222619    0.963757  ]
42.   centroid 40: [116.21212      0.42592597   0.32170463  31.429293     0.43535352
   0.15648077   0.79626274  12.832321     0.6104544    1.0429177
   1.3375155    0.26196983   0.7056264 ]
43.   centroid 41: [21.069767    0.39147305  0.3423549  32.720932    0.42325595  0.15474617
  0.8037213   2.0872104   0.5955808   1.0094229   1.2939357   0.26093045
  0.7022826 ]
44.   centroid 42: [ 1.1935365e+02  8.3333296e-01  3.8144821e-01  1.2225609e+01
  5.3231728e-01 -2.6064377e-02  7.8652459e-01  1.3170119e+01
  5.2673787e-01  9.8299617e-01  1.3216400e+00  3.3246952e-01
  7.7491397e-01]
45.   centroid 43: [15.86076     0.51969063  0.38368687 36.272152    0.67721564  0.05023308
  0.779114    1.6632907   0.76075995  1.0349506   1.3513396   0.44468382
  0.863185  ]
46.   centroid 44: [30.923077    0.82727903  0.19166666 41.108974    1.2891026  -0.14351462
  0.6185258   3.8955126   1.0273398   1.276501    1.9088567   0.53439105
  1.0137739 ]
2026-08-26 10:08:35,561: Discriminant_Analysis_Initialisation[Image: 1_080.pgm, function: DAI]-5:
1. Centroids: 45
2.   centroid 0: [2.6141067  1.         1.         1.0221435  0.         0.
 1.         0.11599226 0.         0.         0.         0.
 0.        ]
3.   centroid 1: [120.13398      0.53337955   0.17545387  18.285542     0.86624736
   0.23538525   0.6747227   13.456217     1.4146205    1.4350374
   1.9274013    0.36857158   0.8427273 ]
4.   centroid 2: [128.54234      0.39878887   0.31312627   9.930623     0.397519
   0.15141843   0.8039478   14.55524      0.54209775   1.0233612
   1.2974494    0.24106686   0.6727672 ]
5.   centroid 3: [124.905815    1.          1.          3.9963949   0.          0.
   1.         14.113565    0.          0.          0.          0.
   0.       ]
6.   centroid 4: [ 1.2937550e+02  5.6513989e-01  2.5194097e-01  8.6393442e+00
  7.1242458e-01 -1.1665603e-01  6.9957417e-01  1.4602151e+01
  5.8813345e-01  1.0512406e+00  1.4973009e+00  3.0663708e-01
  7.6153636e-01]
7.   centroid 5: [101.64235      0.50118214   0.12753135  37.934483     1.5572714
   0.26908904   0.57390785  11.119764     2.7831342    1.6891127
   2.3120792    0.5608109    1.03791   ]
8.   centroid 6: [37.389038    0.4811707   0.13631648 40.561905    1.5067315   0.2759545
  0.5815521   3.8047693   2.7220135   1.6653807   2.269836    0.5593556
  1.0179169 ]
9.   centroid 7: [1.2761798e+02 4.8963884e-01 4.7155571e-01 8.1773405e+00 3.0303073e-01
 5.9906028e-02 8.4968537e-01 1.4429233e+01 3.4138820e-01 7.9202139e-01
 9.9993443e-01 2.1220966e-01 6.1163670e-01]
10.   centroid 8: [ 1.23761536e+02  6.66672349e-01  7.33760536e-01  7.10125113e+00
  1.53868824e-01 -8.10798630e-02  9.24612105e-01  1.39098358e+01
  1.30790934e-01  4.22706366e-01  5.26676834e-01  1.30790934e-01
  4.22706366e-01]
11.   centroid 9: [1.17050194e+02 5.15120387e-01 6.48274496e-02 6.67107849e+01
 6.28874683e+00 3.05401742e-01 3.55814815e-01 1.30450668e+01
 1.19738865e+01 2.19758058e+00 2.96837234e+00 1.97503328e+00
 1.53008509e+00]
12.   centroid 10: [119.06772      0.849823     0.17810425  19.468561     0.82291496
   0.23961677   0.671686    13.316505     1.3580892    1.4255894
   1.9000206    0.33265102   0.7822909 ]
13.   centroid 11: [103.481674     0.8518752    0.13048735  36.666885     1.392671
   0.27883273   0.58379555  11.395034     2.512127     1.6422096
   2.229412     0.48009816   0.9528569 ]
14.   centroid 12: [29.678726    0.50414664  0.19045404 17.586468    1.0922583   0.21287112
  0.6588375   3.0028162   1.708225    1.4432739   1.9412994   0.50146514
  0.92157155]
15.   centroid 13: [ 1.3161972e+02  5.5312032e-01  3.6160645e-01  7.9205790e+00
  4.8098591e-01 -7.0455953e-02  7.7931595e-01  1.4865187e+01
  4.3141410e-01  9.0365165e-01  1.2083589e+00  2.7979937e-01
  7.1496767e-01]
16.   centroid 14: [1.26837883e+02 9.57463980e-01 3.48877311e-01 1.17379618e+01
 3.82424682e-01 1.23176806e-01 8.08790207e-01 1.43058567e+01
 4.90131408e-01 9.91241097e-01 1.25631821e+00 2.33984321e-01
 6.60644412e-01]
17.   centroid 15: [43.003487    0.8543636   0.14326856 39.418118    1.4174216   0.27782595
  0.5853304   4.3315306   2.5438933   1.6172729   2.1842566   0.521716
  0.9597168 ]
18.   centroid 16: [125.98248      0.9280509    0.25750616  10.167688     0.81506085
  -0.21872917   0.6729599   14.16077      0.56702244   1.0194757
   1.523663     0.33042037   0.7890493 ]
19.   centroid 17: [31.415022    0.58097285  0.2374331  11.612155    0.82015795 -0.09649065
  0.68241155  3.1545439   0.7026191   1.1172853   1.5986925   0.3545749
  0.82481515]
20.   centroid 18: [18.193548    0.6666659   0.733754    9.865927    0.16360964 -0.08108131
  0.9236351   1.5783318   0.13906717  0.4227105   0.52668375  0.13906717
  0.4227105 ]
21.   centroid 19: [46.682304    0.46171921  0.08170845 61.38486     4.317802    0.31431738
  0.40458336  5.1608744   8.320942    2.034011    2.7270215   1.426604
  1.4013125 ]
22.   centroid 20: [128.82954      0.6666671    0.5295694    6.2585225    0.31045508
  -0.1854439    0.8447733   14.646825     0.21013601   0.61043364
   0.82562494   0.21013601   0.61043364]
23.   centroid 21: [24.912806    0.4482296   0.31297615 13.582425    0.43419537  0.17132145
  0.7971232   2.2279263   0.6249659   1.0493325   1.3423144   0.26224095
  0.7059415 ]
24.   centroid 22: [1.1458213e+02 8.3785868e-01 6.4358786e-02 7.5500000e+01 7.7260823e+00
 3.1341290e-01 3.2442680e-01 1.2788333e+01 1.5124929e+01 2.2208338e+00
 2.9881063e+00 2.1746178e+00 1.5567709e+00]
25.   centroid 23: [127.02311      1.           0.561688     6.1922445    0.27937314
  -0.16329652   0.8603143   14.348679     0.19908407   0.5870408
   0.7806884    0.19908407   0.5870408 ]
26.   centroid 24: [23.705479    0.50342494  0.4708741  11.583904    0.30770603  0.06116251
  0.8492318   2.12517     0.3476272   0.7915575   0.99950343  0.21547024
  0.6115774 ]
27.   centroid 25: [ 1.1564122e+02  5.8343947e-01  1.8519555e-01  3.5928436e+01
  1.2648853e+00 -5.9446692e-02  6.2401885e-01  1.2534734e+01
  1.1476337e+00  1.3221736e+00  1.9310837e+00  5.1118332e-01
  9.8851144e-01]
28.   centroid 26: [ 2.1148935e+01  5.4278922e-01  3.8274485e-01  1.0667021e+01
  5.6042510e-01 -1.2418347e-02  7.8208375e-01  1.9987208e+00
  5.7246810e-01  9.5575655e-01  1.2548112e+00  3.5127658e-01
  7.7976799e-01]
29.   centroid 27: [34.616913    0.8587612   0.2006779  17.847015    0.9656709   0.22192137
  0.6700005   3.399504    1.5190052   1.394576    1.8493886   0.43537328
  0.8153864 ]
30.   centroid 28: [103.010994     0.46599495   0.14749317  44.804947     2.4840667
   0.22397631   0.55576897  11.025278     3.977745     1.721365
   2.250678     1.1401094    1.283862  ]
31.   centroid 29: [9.1636360e+01 4.9881682e-01 5.8106091e-02 5.4978786e+01 3.2612112e+00
 3.3519673e-01 3.9097691e-01 1.0004243e+01 6.5593896e+00 2.1403909e+00
 2.9836667e+00 8.3030325e-01 1.2387277e+00]
32.   centroid 30: [31.957315    0.8926157   0.23496176 12.14939     0.954878   -0.19739139
  0.65536606  3.2634146   0.6955488   1.0928699   1.6418978   0.39634126
  0.85922927]
33.   centroid 31: [26.99379     0.4792612   0.19909169 48.930126    2.3723602   0.19822228
  0.59294266  3.293479    3.6197045   1.586826    2.0550392   1.20486
  1.2184216 ]
34.   centroid 32: [33.239727    0.5909435   0.20192628 37.7363      1.2017128  -0.05929419
  0.6369925   4.0215764   1.1039219   1.2904525   1.8526013   0.51481175
  0.9938393 ]
35.   centroid 33: [ 1.8182394e+02  6.0093838e-01  9.2825696e-02  5.5917252e+01
  4.6647892e+00 -7.8121983e-02  4.0965337e-01  1.8783806e+01
  3.9473236e+00  1.8187230e+00  2.6222878e+00  1.6030984e+00
  1.4544059e+00]
36.   centroid 34: [104.7554       0.46902472   0.12730218  50.22842      3.1982002
   0.22452769   0.5046715   10.834175     5.066599     1.784045
   2.3743033    1.3662407    1.3289793 ]
37.   centroid 35: [33.603176    0.98015875  0.3631546  12.996033    0.3642855   0.12289584
  0.81785655  2.9777782   0.46654698  0.9555219   1.2080258   0.23035757
  0.6532591 ]
38.   centroid 36: [ 1.2458731e+02  8.3024758e-01  5.1250046e-01  1.2857143e+01
  3.2499963e-01 -8.2728482e-04  8.4749913e-01  1.3848810e+01
  3.2374969e-01  8.1880909e-01  1.0267544e+00  2.2874965e-01
  6.2241602e-01]
39.   centroid 37: [30.609755    0.66666645  0.5371849   8.469512    0.30203223 -0.17912506
  0.8489833   2.893089    0.2078656   0.60576546  0.815119    0.2078656
  0.60576546]
40.   centroid 38: [49.55652     0.47246394  0.06282607 55.37391     3.2256515   0.33747932
  0.396064    5.2117386   6.52076     2.116968    2.925205    0.83789104
  1.2395943 ]
41.   centroid 39: [116.13334      0.8650797    0.2015      33.79524      1.4185714
  -0.17418164   0.5958572   12.357619     1.0114049    1.2391362
   1.8632346    0.5222619    0.963757  ]
42.   centroid 40: [116.21212      0.42592597   0.32170463  31.429293     0.43535352
   0.15648077   0.79626274  12.832321     0.6104544    1.0429177
   1.3375155    0.26196983   0.7056264 ]
43.   centroid 41: [21.069767    0.39147305  0.3423549  32.720932    0.42325595  0.15474617
  0.8037213   2.0872104   0.5955808   1.0094229   1.2939357   0.26093045
  0.7022826 ]
44.   centroid 42: [ 1.1935365e+02  8.3333296e-01  3.8144821e-01  1.2225609e+01
  5.3231728e-01 -2.6064377e-02  7.8652459e-01  1.3170119e+01
  5.2673787e-01  9.8299617e-01  1.3216400e+00  3.3246952e-01
  7.7491397e-01]
45.   centroid 43: [15.86076     0.51969063  0.38368687 36.272152    0.67721564  0.05023308
  0.779114    1.6632907   0.76075995  1.0349506   1.3513396   0.44468382
  0.863185  ]
46.   centroid 44: [30.923077    0.82727903  0.19166666 41.108974    1.2891026  -0.14351462
  0.6185258   3.8955126   1.0273398   1.276501    1.9088567   0.53439105
  1.0137739 ]
2026-08-26 10:10:45,438: Discriminant_Analysis_Initialisation[Image: 1_080.pgm, function: DAI]-6:
1. Centroids: 45
2.   centroid 0: [2.6141067  1.         1.         1.0221435  0.         0.
 1.         0.11599226 0.         0.         0.         0.
 0.        ]
3.   centroid 1: [120.13398      0.53337955   0.17545387  18.285542     0.86624736
   0.23538525   0.6747227   13.456217     1.4146205    1.4350374
   1.9274013    0.36857158   0.8427273 ]
4.   centroid 2: [128.54234      0.39878887   0.31312627   9.930623     0.397519
   0.15141843   0.8039478   14.55524      0.54209775   1.0233612
   1.2974494    0.24106686   0.6727672 ]
5.   centroid 3: [124.905815    1.          1.          3.9963949   0.          0.
   1.         14.113565    0.          0.          0.          0.
   0.       ]
6.   centroid 4: [ 1.2937550e+02  5.6513989e-01  2.5194097e-01  8.6393442e+00
  7.1242458e-01 -1.1665603e-01  6.9957417e-01  1.4602151e+01
  5.8813345e-01  1.0512406e+00  1.4973009e+00  3.0663708e-01
  7.6153636e-01]
7.   centroid 5: [101.64235      0.50118214   0.12753135  37.934483     1.5572714
   0.26908904   0.57390785  11.119764     2.7831342    1.6891127
   2.3120792    0.5608109    1.03791   ]
8.   centroid 6: [37.389038    0.4811707   0.13631648 40.561905    1.5067315   0.2759545
  0.5815521   3.8047693   2.7220135   1.6653807   2.269836    0.5593556
  1.0179169 ]
9.   centroid 7: [1.2761798e+02 4.8963884e-01 4.7155571e-01 8.1773405e+00 3.0303073e-01
 5.9906028e-02 8.4968537e-01 1.4429233e+01 3.4138820e-01 7.9202139e-01
 9.9993443e-01 2.1220966e-01 6.1163670e-01]
10.   centroid 8: [ 1.23761536e+02  6.66672349e-01  7.33760536e-01  7.10125113e+00
  1.53868824e-01 -8.10798630e-02  9.24612105e-01  1.39098358e+01
  1.30790934e-01  4.22706366e-01  5.26676834e-01  1.30790934e-01
  4.22706366e-01]
11.   centroid 9: [1.17050194e+02 5.15120387e-01 6.48274496e-02 6.67107849e+01
 6.28874683e+00 3.05401742e-01 3.55814815e-01 1.30450668e+01
 1.19738865e+01 2.19758058e+00 2.96837234e+00 1.97503328e+00
 1.53008509e+00]
12.   centroid 10: [119.06772      0.849823     0.17810425  19.468561     0.82291496
   0.23961677   0.671686    13.316505     1.3580892    1.4255894
   1.9000206    0.33265102   0.7822909 ]
13.   centroid 11: [103.481674     0.8518752    0.13048735  36.666885     1.392671
   0.27883273   0.58379555  11.395034     2.512127     1.6422096
   2.229412     0.48009816   0.9528569 ]
14.   centroid 12: [29.678726    0.50414664  0.19045404 17.586468    1.0922583   0.21287112
  0.6588375   3.0028162   1.708225    1.4432739   1.9412994   0.50146514
  0.92157155]
15.   centroid 13: [ 1.3161972e+02  5.5312032e-01  3.6160645e-01  7.9205790e+00
  4.8098591e-01 -7.0455953e-02  7.7931595e-01  1.4865187e+01
  4.3141410e-01  9.0365165e-01  1.2083589e+00  2.7979937e-01
  7.1496767e-01]
16.   centroid 14: [1.26837883e+02 9.57463980e-01 3.48877311e-01 1.17379618e+01
 3.82424682e-01 1.23176806e-01 8.08790207e-01 1.43058567e+01
 4.90131408e-01 9.91241097e-01 1.25631821e+00 2.33984321e-01
 6.60644412e-01]
17.   centroid 15: [43.003487    0.8543636   0.14326856 39.418118    1.4174216   0.27782595
  0.5853304   4.3315306   2.5438933   1.6172729   2.1842566   0.521716
  0.9597168 ]
18.   centroid 16: [125.98248      0.9280509    0.25750616  10.167688     0.81506085
  -0.21872917   0.6729599   14.16077      0.56702244   1.0194757
   1.523663     0.33042037   0.7890493 ]
19.   centroid 17: [31.415022    0.58097285  0.2374331  11.612155    0.82015795 -0.09649065
  0.68241155  3.1545439   0.7026191   1.1172853   1.5986925   0.3545749
  0.82481515]
20.   centroid 18: [18.193548    0.6666659   0.733754    9.865927    0.16360964 -0.08108131
  0.9236351   1.5783318   0.13906717  0.4227105   0.52668375  0.13906717
  0.4227105 ]
21.   centroid 19: [46.682304    0.46171921  0.08170845 61.38486     4.317802    0.31431738
  0.40458336  5.1608744   8.320942    2.034011    2.7270215   1.426604
  1.4013125 ]
22.   centroid 20: [128.82954      0.6666671    0.5295694    6.2585225    0.31045508
  -0.1854439    0.8447733   14.646825     0.21013601   0.61043364
   0.82562494   0.21013601   0.61043364]
23.   centroid 21: [24.912806    0.4482296   0.31297615 13.582425    0.43419537  0.17132145
  0.7971232   2.2279263   0.6249659   1.0493325   1.3423144   0.26224095
  0.7059415 ]
24.   centroid 22: [1.1458213e+02 8.3785868e-01 6.4358786e-02 7.5500000e+01 7.7260823e+00
 3.1341290e-01 3.2442680e-01 1.2788333e+01 1.5124929e+01 2.2208338e+00
 2.9881063e+00 2.1746178e+00 1.5567709e+00]
25.   centroid 23: [127.02311      1.           0.561688     6.1922445    0.27937314
  -0.16329652   0.8603143   14.348679     0.19908407   0.5870408
   0.7806884    0.19908407   0.5870408 ]
26.   centroid 24: [23.705479    0.50342494  0.4708741  11.583904    0.30770603  0.06116251
  0.8492318   2.12517     0.3476272   0.7915575   0.99950343  0.21547024
  0.6115774 ]
27.   centroid 25: [ 1.1564122e+02  5.8343947e-01  1.8519555e-01  3.5928436e+01
  1.2648853e+00 -5.9446692e-02  6.2401885e-01  1.2534734e+01
  1.1476337e+00  1.3221736e+00  1.9310837e+00  5.1118332e-01
  9.8851144e-01]
28.   centroid 26: [ 2.1148935e+01  5.4278922e-01  3.8274485e-01  1.0667021e+01
  5.6042510e-01 -1.2418347e-02  7.8208375e-01  1.9987208e+00
  5.7246810e-01  9.5575655e-01  1.2548112e+00  3.5127658e-01
  7.7976799e-01]
29.   centroid 27: [34.616913    0.8587612   0.2006779  17.847015    0.9656709   0.22192137
  0.6700005   3.399504    1.5190052   1.394576    1.8493886   0.43537328
  0.8153864 ]
30.   centroid 28: [103.010994     0.46599495   0.14749317  44.804947     2.4840667
   0.22397631   0.55576897  11.025278     3.977745     1.721365
   2.250678     1.1401094    1.283862  ]
31.   centroid 29: [9.1636360e+01 4.9881682e-01 5.8106091e-02 5.4978786e+01 3.2612112e+00
 3.3519673e-01 3.9097691e-01 1.0004243e+01 6.5593896e+00 2.1403909e+00
 2.9836667e+00 8.3030325e-01 1.2387277e+00]
32.   centroid 30: [31.957315    0.8926157   0.23496176 12.14939     0.954878   -0.19739139
  0.65536606  3.2634146   0.6955488   1.0928699   1.6418978   0.39634126
  0.85922927]
33.   centroid 31: [26.99379     0.4792612   0.19909169 48.930126    2.3723602   0.19822228
  0.59294266  3.293479    3.6197045   1.586826    2.0550392   1.20486
  1.2184216 ]
34.   centroid 32: [33.239727    0.5909435   0.20192628 37.7363      1.2017128  -0.05929419
  0.6369925   4.0215764   1.1039219   1.2904525   1.8526013   0.51481175
  0.9938393 ]
35.   centroid 33: [ 1.8182394e+02  6.0093838e-01  9.2825696e-02  5.5917252e+01
  4.6647892e+00 -7.8121983e-02  4.0965337e-01  1.8783806e+01
  3.9473236e+00  1.8187230e+00  2.6222878e+00  1.6030984e+00
  1.4544059e+00]
36.   centroid 34: [104.7554       0.46902472   0.12730218  50.22842      3.1982002
   0.22452769   0.5046715   10.834175     5.066599     1.784045
   2.3743033    1.3662407    1.3289793 ]
37.   centroid 35: [33.603176    0.98015875  0.3631546  12.996033    0.3642855   0.12289584
  0.81785655  2.9777782   0.46654698  0.9555219   1.2080258   0.23035757
  0.6532591 ]
38.   centroid 36: [ 1.2458731e+02  8.3024758e-01  5.1250046e-01  1.2857143e+01
  3.2499963e-01 -8.2728482e-04  8.4749913e-01  1.3848810e+01
  3.2374969e-01  8.1880909e-01  1.0267544e+00  2.2874965e-01
  6.2241602e-01]
39.   centroid 37: [30.609755    0.66666645  0.5371849   8.469512    0.30203223 -0.17912506
  0.8489833   2.893089    0.2078656   0.60576546  0.815119    0.2078656
  0.60576546]
40.   centroid 38: [49.55652     0.47246394  0.06282607 55.37391     3.2256515   0.33747932
  0.396064    5.2117386   6.52076     2.116968    2.925205    0.83789104
  1.2395943 ]
41.   centroid 39: [116.13334      0.8650797    0.2015      33.79524      1.4185714
  -0.17418164   0.5958572   12.357619     1.0114049    1.2391362
   1.8632346    0.5222619    0.963757  ]
42.   centroid 40: [116.21212      0.42592597   0.32170463  31.429293     0.43535352
   0.15648077   0.79626274  12.832321     0.6104544    1.0429177
   1.3375155    0.26196983   0.7056264 ]
43.   centroid 41: [21.069767    0.39147305  0.3423549  32.720932    0.42325595  0.15474617
  0.8037213   2.0872104   0.5955808   1.0094229   1.2939357   0.26093045
  0.7022826 ]
44.   centroid 42: [ 1.1935365e+02  8.3333296e-01  3.8144821e-01  1.2225609e+01
  5.3231728e-01 -2.6064377e-02  7.8652459e-01  1.3170119e+01
  5.2673787e-01  9.8299617e-01  1.3216400e+00  3.3246952e-01
  7.7491397e-01]
45.   centroid 43: [15.86076     0.51969063  0.38368687 36.272152    0.67721564  0.05023308
  0.779114    1.6632907   0.76075995  1.0349506   1.3513396   0.44468382
  0.863185  ]
46.   centroid 44: [30.923077    0.82727903  0.19166666 41.108974    1.2891026  -0.14351462
  0.6185258   3.8955126   1.0273398   1.276501    1.9088567   0.53439105
  1.0137739 ]
2026-08-26 10:14:36,035: Discriminant_Analysis_Initialisation[Image: 1_080.pgm, function: DAI]-7:
1. Centroids: 45
2.   centroid 0: [2.6141067  1.         1.         1.0221435  0.         0.
 1.         0.11599226 0.         0.         0.         0.
 0.        ]
3.   centroid 1: [120.13398      0.53337955   0.17545387  18.285542     0.86624736
   0.23538525   0.6747227   13.456217     1.4146205    1.4350374
   1.9274013    0.36857158   0.8427273 ]
4.   centroid 2: [128.54234      0.39878887   0.31312627   9.930623     0.397519
   0.15141843   0.8039478   14.55524      0.54209775   1.0233612
   1.2974494    0.24106686   0.6727672 ]
5.   centroid 3: [124.905815    1.          1.          3.9963949   0.          0.
   1.         14.113565    0.          0.          0.          0.
   0.       ]
6.   centroid 4: [ 1.2937550e+02  5.6513989e-01  2.5194097e-01  8.6393442e+00
  7.1242458e-01 -1.1665603e-01  6.9957417e-01  1.4602151e+01
  5.8813345e-01  1.0512406e+00  1.4973009e+00  3.0663708e-01
  7.6153636e-01]
7.   centroid 5: [101.64235      0.50118214   0.12753135  37.934483     1.5572714
   0.26908904   0.57390785  11.119764     2.7831342    1.6891127
   2.3120792    0.5608109    1.03791   ]
8.   centroid 6: [37.389038    0.4811707   0.13631648 40.561905    1.5067315   0.2759545
  0.5815521   3.8047693   2.7220135   1.6653807   2.269836    0.5593556
  1.0179169 ]
9.   centroid 7: [1.2761798e+02 4.8963884e-01 4.7155571e-01 8.1773405e+00 3.0303073e-01
 5.9906028e-02 8.4968537e-01 1.4429233e+01 3.4138820e-01 7.9202139e-01
 9.9993443e-01 2.1220966e-01 6.1163670e-01]
10.   centroid 8: [ 1.23761536e+02  6.66672349e-01  7.33760536e-01  7.10125113e+00
  1.53868824e-01 -8.10798630e-02  9.24612105e-01  1.39098358e+01
  1.30790934e-01  4.22706366e-01  5.26676834e-01  1.30790934e-01
  4.22706366e-01]
11.   centroid 9: [1.17050194e+02 5.15120387e-01 6.48274496e-02 6.67107849e+01
 6.28874683e+00 3.05401742e-01 3.55814815e-01 1.30450668e+01
 1.19738865e+01 2.19758058e+00 2.96837234e+00 1.97503328e+00
 1.53008509e+00]
12.   centroid 10: [119.06772      0.849823     0.17810425  19.468561     0.82291496
   0.23961677   0.671686    13.316505     1.3580892    1.4255894
   1.9000206    0.33265102   0.7822909 ]
13.   centroid 11: [103.481674     0.8518752    0.13048735  36.666885     1.392671
   0.27883273   0.58379555  11.395034     2.512127     1.6422096
   2.229412     0.48009816   0.9528569 ]
14.   centroid 12: [29.678726    0.50414664  0.19045404 17.586468    1.0922583   0.21287112
  0.6588375   3.0028162   1.708225    1.4432739   1.9412994   0.50146514
  0.92157155]
15.   centroid 13: [ 1.3161972e+02  5.5312032e-01  3.6160645e-01  7.9205790e+00
  4.8098591e-01 -7.0455953e-02  7.7931595e-01  1.4865187e+01
  4.3141410e-01  9.0365165e-01  1.2083589e+00  2.7979937e-01
  7.1496767e-01]
16.   centroid 14: [1.26837883e+02 9.57463980e-01 3.48877311e-01 1.17379618e+01
 3.82424682e-01 1.23176806e-01 8.08790207e-01 1.43058567e+01
 4.90131408e-01 9.91241097e-01 1.25631821e+00 2.33984321e-01
 6.60644412e-01]
17.   centroid 15: [43.003487    0.8543636   0.14326856 39.418118    1.4174216   0.27782595
  0.5853304   4.3315306   2.5438933   1.6172729   2.1842566   0.521716
  0.9597168 ]
18.   centroid 16: [125.98248      0.9280509    0.25750616  10.167688     0.81506085
  -0.21872917   0.6729599   14.16077      0.56702244   1.0194757
   1.523663     0.33042037   0.7890493 ]
19.   centroid 17: [31.415022    0.58097285  0.2374331  11.612155    0.82015795 -0.09649065
  0.68241155  3.1545439   0.7026191   1.1172853   1.5986925   0.3545749
  0.82481515]
20.   centroid 18: [18.193548    0.6666659   0.733754    9.865927    0.16360964 -0.08108131
  0.9236351   1.5783318   0.13906717  0.4227105   0.52668375  0.13906717
  0.4227105 ]
21.   centroid 19: [46.682304    0.46171921  0.08170845 61.38486     4.317802    0.31431738
  0.40458336  5.1608744   8.320942    2.034011    2.7270215   1.426604
  1.4013125 ]
22.   centroid 20: [128.82954      0.6666671    0.5295694    6.2585225    0.31045508
  -0.1854439    0.8447733   14.646825     0.21013601   0.61043364
   0.82562494   0.21013601   0.61043364]
23.   centroid 21: [24.912806    0.4482296   0.31297615 13.582425    0.43419537  0.17132145
  0.7971232   2.2279263   0.6249659   1.0493325   1.3423144   0.26224095
  0.7059415 ]
24.   centroid 22: [1.1458213e+02 8.3785868e-01 6.4358786e-02 7.5500000e+01 7.7260823e+00
 3.1341290e-01 3.2442680e-01 1.2788333e+01 1.5124929e+01 2.2208338e+00
 2.9881063e+00 2.1746178e+00 1.5567709e+00]
25.   centroid 23: [127.02311      1.           0.561688     6.1922445    0.27937314
  -0.16329652   0.8603143   14.348679     0.19908407   0.5870408
   0.7806884    0.19908407   0.5870408 ]
26.   centroid 24: [23.705479    0.50342494  0.4708741  11.583904    0.30770603  0.06116251
  0.8492318   2.12517     0.3476272   0.7915575   0.99950343  0.21547024
  0.6115774 ]
27.   centroid 25: [ 1.1564122e+02  5.8343947e-01  1.8519555e-01  3.5928436e+01
  1.2648853e+00 -5.9446692e-02  6.2401885e-01  1.2534734e+01
  1.1476337e+00  1.3221736e+00  1.9310837e+00  5.1118332e-01
  9.8851144e-01]
28.   centroid 26: [ 2.1148935e+01  5.4278922e-01  3.8274485e-01  1.0667021e+01
  5.6042510e-01 -1.2418347e-02  7.8208375e-01  1.9987208e+00
  5.7246810e-01  9.5575655e-01  1.2548112e+00  3.5127658e-01
  7.7976799e-01]
29.   centroid 27: [34.616913    0.8587612   0.2006779  17.847015    0.9656709   0.22192137
  0.6700005   3.399504    1.5190052   1.394576    1.8493886   0.43537328
  0.8153864 ]
30.   centroid 28: [103.010994     0.46599495   0.14749317  44.804947     2.4840667
   0.22397631   0.55576897  11.025278     3.977745     1.721365
   2.250678     1.1401094    1.283862  ]
31.   centroid 29: [9.1636360e+01 4.9881682e-01 5.8106091e-02 5.4978786e+01 3.2612112e+00
 3.3519673e-01 3.9097691e-01 1.0004243e+01 6.5593896e+00 2.1403909e+00
 2.9836667e+00 8.3030325e-01 1.2387277e+00]
32.   centroid 30: [31.957315    0.8926157   0.23496176 12.14939     0.954878   -0.19739139
  0.65536606  3.2634146   0.6955488   1.0928699   1.6418978   0.39634126
  0.85922927]
33.   centroid 31: [26.99379     0.4792612   0.19909169 48.930126    2.3723602   0.19822228
  0.59294266  3.293479    3.6197045   1.586826    2.0550392   1.20486
  1.2184216 ]
34.   centroid 32: [33.239727    0.5909435   0.20192628 37.7363      1.2017128  -0.05929419
  0.6369925   4.0215764   1.1039219   1.2904525   1.8526013   0.51481175
  0.9938393 ]
35.   centroid 33: [ 1.8182394e+02  6.0093838e-01  9.2825696e-02  5.5917252e+01
  4.6647892e+00 -7.8121983e-02  4.0965337e-01  1.8783806e+01
  3.9473236e+00  1.8187230e+00  2.6222878e+00  1.6030984e+00
  1.4544059e+00]
36.   centroid 34: [104.7554       0.46902472   0.12730218  50.22842      3.1982002
   0.22452769   0.5046715   10.834175     5.066599     1.784045
   2.3743033    1.3662407    1.3289793 ]
37.   centroid 35: [33.603176    0.98015875  0.3631546  12.996033    0.3642855   0.12289584
  0.81785655  2.9777782   0.46654698  0.9555219   1.2080258   0.23035757
  0.6532591 ]
38.   centroid 36: [ 1.2458731e+02  8.3024758e-01  5.1250046e-01  1.2857143e+01
  3.2499963e-01 -8.2728482e-04  8.4749913e-01  1.3848810e+01
  3.2374969e-01  8.1880909e-01  1.0267544e+00  2.2874965e-01
  6.2241602e-01]
39.   centroid 37: [30.609755    0.66666645  0.5371849   8.469512    0.30203223 -0.17912506
  0.8489833   2.893089    0.2078656   0.60576546  0.815119    0.2078656
  0.60576546]
40.   centroid 38: [49.55652     0.47246394  0.06282607 55.37391     3.2256515   0.33747932
  0.396064    5.2117386   6.52076     2.116968    2.925205    0.83789104
  1.2395943 ]
41.   centroid 39: [116.13334      0.8650797    0.2015      33.79524      1.4185714
  -0.17418164   0.5958572   12.357619     1.0114049    1.2391362
   1.8632346    0.5222619    0.963757  ]
42.   centroid 40: [116.21212      0.42592597   0.32170463  31.429293     0.43535352
   0.15648077   0.79626274  12.832321     0.6104544    1.0429177
   1.3375155    0.26196983   0.7056264 ]
43.   centroid 41: [21.069767    0.39147305  0.3423549  32.720932    0.42325595  0.15474617
  0.8037213   2.0872104   0.5955808   1.0094229   1.2939357   0.26093045
  0.7022826 ]
44.   centroid 42: [ 1.1935365e+02  8.3333296e-01  3.8144821e-01  1.2225609e+01
  5.3231728e-01 -2.6064377e-02  7.8652459e-01  1.3170119e+01
  5.2673787e-01  9.8299617e-01  1.3216400e+00  3.3246952e-01
  7.7491397e-01]
45.   centroid 43: [15.86076     0.51969063  0.38368687 36.272152    0.67721564  0.05023308
  0.779114    1.6632907   0.76075995  1.0349506   1.3513396   0.44468382
  0.863185  ]
46.   centroid 44: [30.923077    0.82727903  0.19166666 41.108974    1.2891026  -0.14351462
  0.6185258   3.8955126   1.0273398   1.276501    1.9088567   0.53439105
  1.0137739 ]
2026-08-26 10:16:09,560: Discriminant_Analysis_Initialisation[Image: 1_080.pgm, function: DAI]-8:
1. Centroids: 45
2.   centroid 0: [2.6141067  1.         1.         1.0221435  0.         0.
 1.         0.11599226 0.         0.         0.         0.
 0.        ]
3.   centroid 1: [120.13398      0.53337955   0.17545387  18.285542     0.86624736
   0.23538525   0.6747227   13.456217     1.4146205    1.4350374
   1.9274013    0.36857158   0.8427273 ]
4.   centroid 2: [128.54234      0.39878887   0.31312627   9.930623     0.397519
   0.15141843   0.8039478   14.55524      0.54209775   1.0233612
   1.2974494    0.24106686   0.6727672 ]
5.   centroid 3: [124.905815    1.          1.          3.9963949   0.          0.
   1.         14.113565    0.          0.          0.          0.
   0.       ]
6.   centroid 4: [ 1.2937550e+02  5.6513989e-01  2.5194097e-01  8.6393442e+00
  7.1242458e-01 -1.1665603e-01  6.9957417e-01  1.4602151e+01
  5.8813345e-01  1.0512406e+00  1.4973009e+00  3.0663708e-01
  7.6153636e-01]
7.   centroid 5: [101.64235      0.50118214   0.12753135  37.934483     1.5572714
   0.26908904   0.57390785  11.119764     2.7831342    1.6891127
   2.3120792    0.5608109    1.03791   ]
8.   centroid 6: [37.389038    0.4811707   0.13631648 40.561905    1.5067315   0.2759545
  0.5815521   3.8047693   2.7220135   1.6653807   2.269836    0.5593556
  1.0179169 ]
9.   centroid 7: [1.2761798e+02 4.8963884e-01 4.7155571e-01 8.1773405e+00 3.0303073e-01
 5.9906028e-02 8.4968537e-01 1.4429233e+01 3.4138820e-01 7.9202139e-01
 9.9993443e-01 2.1220966e-01 6.1163670e-01]
10.   centroid 8: [ 1.23761536e+02  6.66672349e-01  7.33760536e-01  7.10125113e+00
  1.53868824e-01 -8.10798630e-02  9.24612105e-01  1.39098358e+01
  1.30790934e-01  4.22706366e-01  5.26676834e-01  1.30790934e-01
  4.22706366e-01]
11.   centroid 9: [1.17050194e+02 5.15120387e-01 6.48274496e-02 6.67107849e+01
 6.28874683e+00 3.05401742e-01 3.55814815e-01 1.30450668e+01
 1.19738865e+01 2.19758058e+00 2.96837234e+00 1.97503328e+00
 1.53008509e+00]
12.   centroid 10: [119.06772      0.849823     0.17810425  19.468561     0.82291496
   0.23961677   0.671686    13.316505     1.3580892    1.4255894
   1.9000206    0.33265102   0.7822909 ]
13.   centroid 11: [103.481674     0.8518752    0.13048735  36.666885     1.392671
   0.27883273   0.58379555  11.395034     2.512127     1.6422096
   2.229412     0.48009816   0.9528569 ]
14.   centroid 12: [29.678726    0.50414664  0.19045404 17.586468    1.0922583   0.21287112
  0.6588375   3.0028162   1.708225    1.4432739   1.9412994   0.50146514
  0.92157155]
15.   centroid 13: [ 1.3161972e+02  5.5312032e-01  3.6160645e-01  7.9205790e+00
  4.8098591e-01 -7.0455953e-02  7.7931595e-01  1.4865187e+01
  4.3141410e-01  9.0365165e-01  1.2083589e+00  2.7979937e-01
  7.1496767e-01]
16.   centroid 14: [1.26837883e+02 9.57463980e-01 3.48877311e-01 1.17379618e+01
 3.82424682e-01 1.23176806e-01 8.08790207e-01 1.43058567e+01
 4.90131408e-01 9.91241097e-01 1.25631821e+00 2.33984321e-01
 6.60644412e-01]
17.   centroid 15: [43.003487    0.8543636   0.14326856 39.418118    1.4174216   0.27782595
  0.5853304   4.3315306   2.5438933   1.6172729   2.1842566   0.521716
  0.9597168 ]
18.   centroid 16: [125.98248      0.9280509    0.25750616  10.167688     0.81506085
  -0.21872917   0.6729599   14.16077      0.56702244   1.0194757
   1.523663     0.33042037   0.7890493 ]
19.   centroid 17: [31.415022    0.58097285  0.2374331  11.612155    0.82015795 -0.09649065
  0.68241155  3.1545439   0.7026191   1.1172853   1.5986925   0.3545749
  0.82481515]
20.   centroid 18: [18.193548    0.6666659   0.733754    9.865927    0.16360964 -0.08108131
  0.9236351   1.5783318   0.13906717  0.4227105   0.52668375  0.13906717
  0.4227105 ]
21.   centroid 19: [46.682304    0.46171921  0.08170845 61.38486     4.317802    0.31431738
  0.40458336  5.1608744   8.320942    2.034011    2.7270215   1.426604
  1.4013125 ]
22.   centroid 20: [128.82954      0.6666671    0.5295694    6.2585225    0.31045508
  -0.1854439    0.8447733   14.646825     0.21013601   0.61043364
   0.82562494   0.21013601   0.61043364]
23.   centroid 21: [24.912806    0.4482296   0.31297615 13.582425    0.43419537  0.17132145
  0.7971232   2.2279263   0.6249659   1.0493325   1.3423144   0.26224095
  0.7059415 ]
24.   centroid 22: [1.1458213e+02 8.3785868e-01 6.4358786e-02 7.5500000e+01 7.7260823e+00
 3.1341290e-01 3.2442680e-01 1.2788333e+01 1.5124929e+01 2.2208338e+00
 2.9881063e+00 2.1746178e+00 1.5567709e+00]
25.   centroid 23: [127.02311      1.           0.561688     6.1922445    0.27937314
  -0.16329652   0.8603143   14.348679     0.19908407   0.5870408
   0.7806884    0.19908407   0.5870408 ]
26.   centroid 24: [23.705479    0.50342494  0.4708741  11.583904    0.30770603  0.06116251
  0.8492318   2.12517     0.3476272   0.7915575   0.99950343  0.21547024
  0.6115774 ]
27.   centroid 25: [ 1.1564122e+02  5.8343947e-01  1.8519555e-01  3.5928436e+01
  1.2648853e+00 -5.9446692e-02  6.2401885e-01  1.2534734e+01
  1.1476337e+00  1.3221736e+00  1.9310837e+00  5.1118332e-01
  9.8851144e-01]
28.   centroid 26: [ 2.1148935e+01  5.4278922e-01  3.8274485e-01  1.0667021e+01
  5.6042510e-01 -1.2418347e-02  7.8208375e-01  1.9987208e+00
  5.7246810e-01  9.5575655e-01  1.2548112e+00  3.5127658e-01
  7.7976799e-01]
29.   centroid 27: [34.616913    0.8587612   0.2006779  17.847015    0.9656709   0.22192137
  0.6700005   3.399504    1.5190052   1.394576    1.8493886   0.43537328
  0.8153864 ]
30.   centroid 28: [103.010994     0.46599495   0.14749317  44.804947     2.4840667
   0.22397631   0.55576897  11.025278     3.977745     1.721365
   2.250678     1.1401094    1.283862  ]
31.   centroid 29: [9.1636360e+01 4.9881682e-01 5.8106091e-02 5.4978786e+01 3.2612112e+00
 3.3519673e-01 3.9097691e-01 1.0004243e+01 6.5593896e+00 2.1403909e+00
 2.9836667e+00 8.3030325e-01 1.2387277e+00]
32.   centroid 30: [31.957315    0.8926157   0.23496176 12.14939     0.954878   -0.19739139
  0.65536606  3.2634146   0.6955488   1.0928699   1.6418978   0.39634126
  0.85922927]
33.   centroid 31: [26.99379     0.4792612   0.19909169 48.930126    2.3723602   0.19822228
  0.59294266  3.293479    3.6197045   1.586826    2.0550392   1.20486
  1.2184216 ]
34.   centroid 32: [33.239727    0.5909435   0.20192628 37.7363      1.2017128  -0.05929419
  0.6369925   4.0215764   1.1039219   1.2904525   1.8526013   0.51481175
  0.9938393 ]
35.   centroid 33: [ 1.8182394e+02  6.0093838e-01  9.2825696e-02  5.5917252e+01
  4.6647892e+00 -7.8121983e-02  4.0965337e-01  1.8783806e+01
  3.9473236e+00  1.8187230e+00  2.6222878e+00  1.6030984e+00
  1.4544059e+00]
36.   centroid 34: [104.7554       0.46902472   0.12730218  50.22842      3.1982002
   0.22452769   0.5046715   10.834175     5.066599     1.784045
   2.3743033    1.3662407    1.3289793 ]
37.   centroid 35: [33.603176    0.98015875  0.3631546  12.996033    0.3642855   0.12289584
  0.81785655  2.9777782   0.46654698  0.9555219   1.2080258   0.23035757
  0.6532591 ]
38.   centroid 36: [ 1.2458731e+02  8.3024758e-01  5.1250046e-01  1.2857143e+01
  3.2499963e-01 -8.2728482e-04  8.4749913e-01  1.3848810e+01
  3.2374969e-01  8.1880909e-01  1.0267544e+00  2.2874965e-01
  6.2241602e-01]
39.   centroid 37: [30.609755    0.66666645  0.5371849   8.469512    0.30203223 -0.17912506
  0.8489833   2.893089    0.2078656   0.60576546  0.815119    0.2078656
  0.60576546]
40.   centroid 38: [49.55652     0.47246394  0.06282607 55.37391     3.2256515   0.33747932
  0.396064    5.2117386   6.52076     2.116968    2.925205    0.83789104
  1.2395943 ]
41.   centroid 39: [116.13334      0.8650797    0.2015      33.79524      1.4185714
  -0.17418164   0.5958572   12.357619     1.0114049    1.2391362
   1.8632346    0.5222619    0.963757  ]
42.   centroid 40: [116.21212      0.42592597   0.32170463  31.429293     0.43535352
   0.15648077   0.79626274  12.832321     0.6104544    1.0429177
   1.3375155    0.26196983   0.7056264 ]
43.   centroid 41: [21.069767    0.39147305  0.3423549  32.720932    0.42325595  0.15474617
  0.8037213   2.0872104   0.5955808   1.0094229   1.2939357   0.26093045
  0.7022826 ]
44.   centroid 42: [ 1.1935365e+02  8.3333296e-01  3.8144821e-01  1.2225609e+01
  5.3231728e-01 -2.6064377e-02  7.8652459e-01  1.3170119e+01
  5.2673787e-01  9.8299617e-01  1.3216400e+00  3.3246952e-01
  7.7491397e-01]
45.   centroid 43: [15.86076     0.51969063  0.38368687 36.272152    0.67721564  0.05023308
  0.779114    1.6632907   0.76075995  1.0349506   1.3513396   0.44468382
  0.863185  ]
46.   centroid 44: [30.923077    0.82727903  0.19166666 41.108974    1.2891026  -0.14351462
  0.6185258   3.8955126   1.0273398   1.276501    1.9088567   0.53439105
  1.0137739 ]
2026-08-26 10:18:38,626: Discriminant_Analysis_Initialisation[Image: 1_080.pgm, function: DAI]-9:
1. Centroids: 45
2.   centroid 0: [2.6141067  1.         1.         1.0221435  0.         0.
 1.         0.11599226 0.         0.         0.         0.
 0.        ]
3.   centroid 1: [120.13398      0.53337955   0.17545387  18.285542     0.86624736
   0.23538525   0.6747227   13.456217     1.4146205    1.4350374
   1.9274013    0.36857158   0.8427273 ]
4.   centroid 2: [128.54234      0.39878887   0.31312627   9.930623     0.397519
   0.15141843   0.8039478   14.55524      0.54209775   1.0233612
   1.2974494    0.24106686   0.6727672 ]
5.   centroid 3: [124.905815    1.          1.          3.9963949   0.          0.
   1.         14.113565    0.          0.          0.          0.
   0.       ]
6.   centroid 4: [ 1.2937550e+02  5.6513989e-01  2.5194097e-01  8.6393442e+00
  7.1242458e-01 -1.1665603e-01  6.9957417e-01  1.4602151e+01
  5.8813345e-01  1.0512406e+00  1.4973009e+00  3.0663708e-01
  7.6153636e-01]
7.   centroid 5: [101.64235      0.50118214   0.12753135  37.934483     1.5572714
   0.26908904   0.57390785  11.119764     2.7831342    1.6891127
   2.3120792    0.5608109    1.03791   ]
8.   centroid 6: [37.389038    0.4811707   0.13631648 40.561905    1.5067315   0.2759545
  0.5815521   3.8047693   2.7220135   1.6653807   2.269836    0.5593556
  1.0179169 ]
9.   centroid 7: [1.2761798e+02 4.8963884e-01 4.7155571e-01 8.1773405e+00 3.0303073e-01
 5.9906028e-02 8.4968537e-01 1.4429233e+01 3.4138820e-01 7.9202139e-01
 9.9993443e-01 2.1220966e-01 6.1163670e-01]
10.   centroid 8: [ 1.23761536e+02  6.66672349e-01  7.33760536e-01  7.10125113e+00
  1.53868824e-01 -8.10798630e-02  9.24612105e-01  1.39098358e+01
  1.30790934e-01  4.22706366e-01  5.26676834e-01  1.30790934e-01
  4.22706366e-01]
11.   centroid 9: [1.17050194e+02 5.15120387e-01 6.48274496e-02 6.67107849e+01
 6.28874683e+00 3.05401742e-01 3.55814815e-01 1.30450668e+01
 1.19738865e+01 2.19758058e+00 2.96837234e+00 1.97503328e+00
 1.53008509e+00]
12.   centroid 10: [119.06772      0.849823     0.17810425  19.468561     0.82291496
   0.23961677   0.671686    13.316505     1.3580892    1.4255894
   1.9000206    0.33265102   0.7822909 ]
13.   centroid 11: [103.481674     0.8518752    0.13048735  36.666885     1.392671
   0.27883273   0.58379555  11.395034     2.512127     1.6422096
   2.229412     0.48009816   0.9528569 ]
14.   centroid 12: [29.678726    0.50414664  0.19045404 17.586468    1.0922583   0.21287112
  0.6588375   3.0028162   1.708225    1.4432739   1.9412994   0.50146514
  0.92157155]
15.   centroid 13: [ 1.3161972e+02  5.5312032e-01  3.6160645e-01  7.9205790e+00
  4.8098591e-01 -7.0455953e-02  7.7931595e-01  1.4865187e+01
  4.3141410e-01  9.0365165e-01  1.2083589e+00  2.7979937e-01
  7.1496767e-01]
16.   centroid 14: [1.26837883e+02 9.57463980e-01 3.48877311e-01 1.17379618e+01
 3.82424682e-01 1.23176806e-01 8.08790207e-01 1.43058567e+01
 4.90131408e-01 9.91241097e-01 1.25631821e+00 2.33984321e-01
 6.60644412e-01]
17.   centroid 15: [43.003487    0.8543636   0.14326856 39.418118    1.4174216   0.27782595
  0.5853304   4.3315306   2.5438933   1.6172729   2.1842566   0.521716
  0.9597168 ]
18.   centroid 16: [125.98248      0.9280509    0.25750616  10.167688     0.81506085
  -0.21872917   0.6729599   14.16077      0.56702244   1.0194757
   1.523663     0.33042037   0.7890493 ]
19.   centroid 17: [31.415022    0.58097285  0.2374331  11.612155    0.82015795 -0.09649065
  0.68241155  3.1545439   0.7026191   1.1172853   1.5986925   0.3545749
  0.82481515]
20.   centroid 18: [18.193548    0.6666659   0.733754    9.865927    0.16360964 -0.08108131
  0.9236351   1.5783318   0.13906717  0.4227105   0.52668375  0.13906717
  0.4227105 ]
21.   centroid 19: [46.682304    0.46171921  0.08170845 61.38486     4.317802    0.31431738
  0.40458336  5.1608744   8.320942    2.034011    2.7270215   1.426604
  1.4013125 ]
22.   centroid 20: [128.82954      0.6666671    0.5295694    6.2585225    0.31045508
  -0.1854439    0.8447733   14.646825     0.21013601   0.61043364
   0.82562494   0.21013601   0.61043364]
23.   centroid 21: [24.912806    0.4482296   0.31297615 13.582425    0.43419537  0.17132145
  0.7971232   2.2279263   0.6249659   1.0493325   1.3423144   0.26224095
  0.7059415 ]
24.   centroid 22: [1.1458213e+02 8.3785868e-01 6.4358786e-02 7.5500000e+01 7.7260823e+00
 3.1341290e-01 3.2442680e-01 1.2788333e+01 1.5124929e+01 2.2208338e+00
 2.9881063e+00 2.1746178e+00 1.5567709e+00]
25.   centroid 23: [127.02311      1.           0.561688     6.1922445    0.27937314
  -0.16329652   0.8603143   14.348679     0.19908407   0.5870408
   0.7806884    0.19908407   0.5870408 ]
26.   centroid 24: [23.705479    0.50342494  0.4708741  11.583904    0.30770603  0.06116251
  0.8492318   2.12517     0.3476272   0.7915575   0.99950343  0.21547024
  0.6115774 ]
27.   centroid 25: [ 1.1564122e+02  5.8343947e-01  1.8519555e-01  3.5928436e+01
  1.2648853e+00 -5.9446692e-02  6.2401885e-01  1.2534734e+01
  1.1476337e+00  1.3221736e+00  1.9310837e+00  5.1118332e-01
  9.8851144e-01]
28.   centroid 26: [ 2.1148935e+01  5.4278922e-01  3.8274485e-01  1.0667021e+01
  5.6042510e-01 -1.2418347e-02  7.8208375e-01  1.9987208e+00
  5.7246810e-01  9.5575655e-01  1.2548112e+00  3.5127658e-01
  7.7976799e-01]
29.   centroid 27: [34.616913    0.8587612   0.2006779  17.847015    0.9656709   0.22192137
  0.6700005   3.399504    1.5190052   1.394576    1.8493886   0.43537328
  0.8153864 ]
30.   centroid 28: [103.010994     0.46599495   0.14749317  44.804947     2.4840667
   0.22397631   0.55576897  11.025278     3.977745     1.721365
   2.250678     1.1401094    1.283862  ]
31.   centroid 29: [9.1636360e+01 4.9881682e-01 5.8106091e-02 5.4978786e+01 3.2612112e+00
 3.3519673e-01 3.9097691e-01 1.0004243e+01 6.5593896e+00 2.1403909e+00
 2.9836667e+00 8.3030325e-01 1.2387277e+00]
32.   centroid 30: [31.957315    0.8926157   0.23496176 12.14939     0.954878   -0.19739139
  0.65536606  3.2634146   0.6955488   1.0928699   1.6418978   0.39634126
  0.85922927]
33.   centroid 31: [26.99379     0.4792612   0.19909169 48.930126    2.3723602   0.19822228
  0.59294266  3.293479    3.6197045   1.586826    2.0550392   1.20486
  1.2184216 ]
34.   centroid 32: [33.239727    0.5909435   0.20192628 37.7363      1.2017128  -0.05929419
  0.6369925   4.0215764   1.1039219   1.2904525   1.8526013   0.51481175
  0.9938393 ]
35.   centroid 33: [ 1.8182394e+02  6.0093838e-01  9.2825696e-02  5.5917252e+01
  4.6647892e+00 -7.8121983e-02  4.0965337e-01  1.8783806e+01
  3.9473236e+00  1.8187230e+00  2.6222878e+00  1.6030984e+00
  1.4544059e+00]
36.   centroid 34: [104.7554       0.46902472   0.12730218  50.22842      3.1982002
   0.22452769   0.5046715   10.834175     5.066599     1.784045
   2.3743033    1.3662407    1.3289793 ]
37.   centroid 35: [33.603176    0.98015875  0.3631546  12.996033    0.3642855   0.12289584
  0.81785655  2.9777782   0.46654698  0.9555219   1.2080258   0.23035757
  0.6532591 ]
38.   centroid 36: [ 1.2458731e+02  8.3024758e-01  5.1250046e-01  1.2857143e+01
  3.2499963e-01 -8.2728482e-04  8.4749913e-01  1.3848810e+01
  3.2374969e-01  8.1880909e-01  1.0267544e+00  2.2874965e-01
  6.2241602e-01]
39.   centroid 37: [30.609755    0.66666645  0.5371849   8.469512    0.30203223 -0.17912506
  0.8489833   2.893089    0.2078656   0.60576546  0.815119    0.2078656
  0.60576546]
40.   centroid 38: [49.55652     0.47246394  0.06282607 55.37391     3.2256515   0.33747932
  0.396064    5.2117386   6.52076     2.116968    2.925205    0.83789104
  1.2395943 ]
41.   centroid 39: [116.13334      0.8650797    0.2015      33.79524      1.4185714
  -0.17418164   0.5958572   12.357619     1.0114049    1.2391362
   1.8632346    0.5222619    0.963757  ]
42.   centroid 40: [116.21212      0.42592597   0.32170463  31.429293     0.43535352
   0.15648077   0.79626274  12.832321     0.6104544    1.0429177
   1.3375155    0.26196983   0.7056264 ]
43.   centroid 41: [21.069767    0.39147305  0.3423549  32.720932    0.42325595  0.15474617
  0.8037213   2.0872104   0.5955808   1.0094229   1.2939357   0.26093045
  0.7022826 ]
44.   centroid 42: [ 1.1935365e+02  8.3333296e-01  3.8144821e-01  1.2225609e+01
  5.3231728e-01 -2.6064377e-02  7.8652459e-01  1.3170119e+01
  5.2673787e-01  9.8299617e-01  1.3216400e+00  3.3246952e-01
  7.7491397e-01]
45.   centroid 43: [15.86076     0.51969063  0.38368687 36.272152    0.67721564  0.05023308
  0.779114    1.6632907   0.76075995  1.0349506   1.3513396   0.44468382
  0.863185  ]
46.   centroid 44: [30.923077    0.82727903  0.19166666 41.108974    1.2891026  -0.14351462
  0.6185258   3.8955126   1.0273398   1.276501    1.9088567   0.53439105
  1.0137739 ]
2026-08-26 10:19:18,872: Discriminant_Analysis_Initialisation[Image: 1_080.pgm, function: DAI]-10:
1. Centroids: 45
2.   centroid 0: [2.6141067  1.         1.         1.0221435  0.         0.
 1.         0.11599226 0.         0.         0.         0.
 0.        ]
3.   centroid 1: [120.13398      0.53337955   0.17545387  18.285542     0.86624736
   0.23538525   0.6747227   13.456217     1.4146205    1.4350374
   1.9274013    0.36857158   0.8427273 ]
4.   centroid 2: [128.54234      0.39878887   0.31312627   9.930623     0.397519
   0.15141843   0.8039478   14.55524      0.54209775   1.0233612
   1.2974494    0.24106686   0.6727672 ]
5.   centroid 3: [124.905815    1.          1.          3.9963949   0.          0.
   1.         14.113565    0.          0.          0.          0.
   0.       ]
6.   centroid 4: [ 1.2937550e+02  5.6513989e-01  2.5194097e-01  8.6393442e+00
  7.1242458e-01 -1.1665603e-01  6.9957417e-01  1.4602151e+01
  5.8813345e-01  1.0512406e+00  1.4973009e+00  3.0663708e-01
  7.6153636e-01]
7.   centroid 5: [101.64235      0.50118214   0.12753135  37.934483     1.5572714
   0.26908904   0.57390785  11.119764     2.7831342    1.6891127
   2.3120792    0.5608109    1.03791   ]
8.   centroid 6: [37.389038    0.4811707   0.13631648 40.561905    1.5067315   0.2759545
  0.5815521   3.8047693   2.7220135   1.6653807   2.269836    0.5593556
  1.0179169 ]
9.   centroid 7: [1.2761798e+02 4.8963884e-01 4.7155571e-01 8.1773405e+00 3.0303073e-01
 5.9906028e-02 8.4968537e-01 1.4429233e+01 3.4138820e-01 7.9202139e-01
 9.9993443e-01 2.1220966e-01 6.1163670e-01]
10.   centroid 8: [ 1.23761536e+02  6.66672349e-01  7.33760536e-01  7.10125113e+00
  1.53868824e-01 -8.10798630e-02  9.24612105e-01  1.39098358e+01
  1.30790934e-01  4.22706366e-01  5.26676834e-01  1.30790934e-01
  4.22706366e-01]
11.   centroid 9: [1.17050194e+02 5.15120387e-01 6.48274496e-02 6.67107849e+01
 6.28874683e+00 3.05401742e-01 3.55814815e-01 1.30450668e+01
 1.19738865e+01 2.19758058e+00 2.96837234e+00 1.97503328e+00
 1.53008509e+00]
12.   centroid 10: [119.06772      0.849823     0.17810425  19.468561     0.82291496
   0.23961677   0.671686    13.316505     1.3580892    1.4255894
   1.9000206    0.33265102   0.7822909 ]
13.   centroid 11: [103.481674     0.8518752    0.13048735  36.666885     1.392671
   0.27883273   0.58379555  11.395034     2.512127     1.6422096
   2.229412     0.48009816   0.9528569 ]
14.   centroid 12: [29.678726    0.50414664  0.19045404 17.586468    1.0922583   0.21287112
  0.6588375   3.0028162   1.708225    1.4432739   1.9412994   0.50146514
  0.92157155]
15.   centroid 13: [ 1.3161972e+02  5.5312032e-01  3.6160645e-01  7.9205790e+00
  4.8098591e-01 -7.0455953e-02  7.7931595e-01  1.4865187e+01
  4.3141410e-01  9.0365165e-01  1.2083589e+00  2.7979937e-01
  7.1496767e-01]
16.   centroid 14: [1.26837883e+02 9.57463980e-01 3.48877311e-01 1.17379618e+01
 3.82424682e-01 1.23176806e-01 8.08790207e-01 1.43058567e+01
 4.90131408e-01 9.91241097e-01 1.25631821e+00 2.33984321e-01
 6.60644412e-01]
17.   centroid 15: [43.003487    0.8543636   0.14326856 39.418118    1.4174216   0.27782595
  0.5853304   4.3315306   2.5438933   1.6172729   2.1842566   0.521716
  0.9597168 ]
18.   centroid 16: [125.98248      0.9280509    0.25750616  10.167688     0.81506085
  -0.21872917   0.6729599   14.16077      0.56702244   1.0194757
   1.523663     0.33042037   0.7890493 ]
19.   centroid 17: [31.415022    0.58097285  0.2374331  11.612155    0.82015795 -0.09649065
  0.68241155  3.1545439   0.7026191   1.1172853   1.5986925   0.3545749
  0.82481515]
20.   centroid 18: [18.193548    0.6666659   0.733754    9.865927    0.16360964 -0.08108131
  0.9236351   1.5783318   0.13906717  0.4227105   0.52668375  0.13906717
  0.4227105 ]
21.   centroid 19: [46.682304    0.46171921  0.08170845 61.38486     4.317802    0.31431738
  0.40458336  5.1608744   8.320942    2.034011    2.7270215   1.426604
  1.4013125 ]
22.   centroid 20: [128.82954      0.6666671    0.5295694    6.2585225    0.31045508
  -0.1854439    0.8447733   14.646825     0.21013601   0.61043364
   0.82562494   0.21013601   0.61043364]
23.   centroid 21: [24.912806    0.4482296   0.31297615 13.582425    0.43419537  0.17132145
  0.7971232   2.2279263   0.6249659   1.0493325   1.3423144   0.26224095
  0.7059415 ]
24.   centroid 22: [1.1458213e+02 8.3785868e-01 6.4358786e-02 7.5500000e+01 7.7260823e+00
 3.1341290e-01 3.2442680e-01 1.2788333e+01 1.5124929e+01 2.2208338e+00
 2.9881063e+00 2.1746178e+00 1.5567709e+00]
25.   centroid 23: [127.02311      1.           0.561688     6.1922445    0.27937314
  -0.16329652   0.8603143   14.348679     0.19908407   0.5870408
   0.7806884    0.19908407   0.5870408 ]
26.   centroid 24: [23.705479    0.50342494  0.4708741  11.583904    0.30770603  0.06116251
  0.8492318   2.12517     0.3476272   0.7915575   0.99950343  0.21547024
  0.6115774 ]
27.   centroid 25: [ 1.1564122e+02  5.8343947e-01  1.8519555e-01  3.5928436e+01
  1.2648853e+00 -5.9446692e-02  6.2401885e-01  1.2534734e+01
  1.1476337e+00  1.3221736e+00  1.9310837e+00  5.1118332e-01
  9.8851144e-01]
28.   centroid 26: [ 2.1148935e+01  5.4278922e-01  3.8274485e-01  1.0667021e+01
  5.6042510e-01 -1.2418347e-02  7.8208375e-01  1.9987208e+00
  5.7246810e-01  9.5575655e-01  1.2548112e+00  3.5127658e-01
  7.7976799e-01]
29.   centroid 27: [34.616913    0.8587612   0.2006779  17.847015    0.9656709   0.22192137
  0.6700005   3.399504    1.5190052   1.394576    1.8493886   0.43537328
  0.8153864 ]
30.   centroid 28: [103.010994     0.46599495   0.14749317  44.804947     2.4840667
   0.22397631   0.55576897  11.025278     3.977745     1.721365
   2.250678     1.1401094    1.283862  ]
31.   centroid 29: [9.1636360e+01 4.9881682e-01 5.8106091e-02 5.4978786e+01 3.2612112e+00
 3.3519673e-01 3.9097691e-01 1.0004243e+01 6.5593896e+00 2.1403909e+00
 2.9836667e+00 8.3030325e-01 1.2387277e+00]
32.   centroid 30: [31.957315    0.8926157   0.23496176 12.14939     0.954878   -0.19739139
  0.65536606  3.2634146   0.6955488   1.0928699   1.6418978   0.39634126
  0.85922927]
33.   centroid 31: [26.99379     0.4792612   0.19909169 48.930126    2.3723602   0.19822228
  0.59294266  3.293479    3.6197045   1.586826    2.0550392   1.20486
  1.2184216 ]
34.   centroid 32: [33.239727    0.5909435   0.20192628 37.7363      1.2017128  -0.05929419
  0.6369925   4.0215764   1.1039219   1.2904525   1.8526013   0.51481175
  0.9938393 ]
35.   centroid 33: [ 1.8182394e+02  6.0093838e-01  9.2825696e-02  5.5917252e+01
  4.6647892e+00 -7.8121983e-02  4.0965337e-01  1.8783806e+01
  3.9473236e+00  1.8187230e+00  2.6222878e+00  1.6030984e+00
  1.4544059e+00]
36.   centroid 34: [104.7554       0.46902472   0.12730218  50.22842      3.1982002
   0.22452769   0.5046715   10.834175     5.066599     1.784045
   2.3743033    1.3662407    1.3289793 ]
37.   centroid 35: [33.603176    0.98015875  0.3631546  12.996033    0.3642855   0.12289584
  0.81785655  2.9777782   0.46654698  0.9555219   1.2080258   0.23035757
  0.6532591 ]
38.   centroid 36: [ 1.2458731e+02  8.3024758e-01  5.1250046e-01  1.2857143e+01
  3.2499963e-01 -8.2728482e-04  8.4749913e-01  1.3848810e+01
  3.2374969e-01  8.1880909e-01  1.0267544e+00  2.2874965e-01
  6.2241602e-01]
39.   centroid 37: [30.609755    0.66666645  0.5371849   8.469512    0.30203223 -0.17912506
  0.8489833   2.893089    0.2078656   0.60576546  0.815119    0.2078656
  0.60576546]
40.   centroid 38: [49.55652     0.47246394  0.06282607 55.37391     3.2256515   0.33747932
  0.396064    5.2117386   6.52076     2.116968    2.925205    0.83789104
  1.2395943 ]
41.   centroid 39: [116.13334      0.8650797    0.2015      33.79524      1.4185714
  -0.17418164   0.5958572   12.357619     1.0114049    1.2391362
   1.8632346    0.5222619    0.963757  ]
42.   centroid 40: [116.21212      0.42592597   0.32170463  31.429293     0.43535352
   0.15648077   0.79626274  12.832321     0.6104544    1.0429177
   1.3375155    0.26196983   0.7056264 ]
43.   centroid 41: [21.069767    0.39147305  0.3423549  32.720932    0.42325595  0.15474617
  0.8037213   2.0872104   0.5955808   1.0094229   1.2939357   0.26093045
  0.7022826 ]
44.   centroid 42: [ 1.1935365e+02  8.3333296e-01  3.8144821e-01  1.2225609e+01
  5.3231728e-01 -2.6064377e-02  7.8652459e-01  1.3170119e+01
  5.2673787e-01  9.8299617e-01  1.3216400e+00  3.3246952e-01
  7.7491397e-01]
45.   centroid 43: [15.86076     0.51969063  0.38368687 36.272152    0.67721564  0.05023308
  0.779114    1.6632907   0.76075995  1.0349506   1.3513396   0.44468382
  0.863185  ]
46.   centroid 44: [30.923077    0.82727903  0.19166666 41.108974    1.2891026  -0.14351462
  0.6185258   3.8955126   1.0273398   1.276501    1.9088567   0.53439105
  1.0137739 ]
2026-08-26 10:24:51,351: Discriminant_Analysis_Initialisation[Image: 1_080.pgm, function: DAI]-11:
1. Centroids: 45
2.   centroid 0: [2.6141067  1.         1.         1.0221435  0.         0.
 1.         0.11599226 0.         0.         0.         0.
 0.        ]
3.   centroid 1: [120.13398      0.53337955   0.17545387  18.285542     0.86624736
   0.23538525   0.6747227   13.456217     1.4146205    1.4350374
   1.9274013    0.36857158   0.8427273 ]
4.   centroid 2: [128.54234      0.39878887   0.31312627   9.930623     0.397519
   0.15141843   0.8039478   14.55524      0.54209775   1.0233612
   1.2974494    0.24106686   0.6727672 ]
5.   centroid 3: [124.905815    1.          1.          3.9963949   0.          0.
   1.         14.113565    0.          0.          0.          0.
   0.       ]
6.   centroid 4: [ 1.2937550e+02  5.6513989e-01  2.5194097e-01  8.6393442e+00
  7.1242458e-01 -1.1665603e-01  6.9957417e-01  1.4602151e+01
  5.8813345e-01  1.0512406e+00  1.4973009e+00  3.0663708e-01
  7.6153636e-01]
7.   centroid 5: [101.64235      0.50118214   0.12753135  37.934483     1.5572714
   0.26908904   0.57390785  11.119764     2.7831342    1.6891127
   2.3120792    0.5608109    1.03791   ]
8.   centroid 6: [37.389038    0.4811707   0.13631648 40.561905    1.5067315   0.2759545
  0.5815521   3.8047693   2.7220135   1.6653807   2.269836    0.5593556
  1.0179169 ]
9.   centroid 7: [1.2761798e+02 4.8963884e-01 4.7155571e-01 8.1773405e+00 3.0303073e-01
 5.9906028e-02 8.4968537e-01 1.4429233e+01 3.4138820e-01 7.9202139e-01
 9.9993443e-01 2.1220966e-01 6.1163670e-01]
10.   centroid 8: [ 1.23761536e+02  6.66672349e-01  7.33760536e-01  7.10125113e+00
  1.53868824e-01 -8.10798630e-02  9.24612105e-01  1.39098358e+01
  1.30790934e-01  4.22706366e-01  5.26676834e-01  1.30790934e-01
  4.22706366e-01]
11.   centroid 9: [1.17050194e+02 5.15120387e-01 6.48274496e-02 6.67107849e+01
 6.28874683e+00 3.05401742e-01 3.55814815e-01 1.30450668e+01
 1.19738865e+01 2.19758058e+00 2.96837234e+00 1.97503328e+00
 1.53008509e+00]
12.   centroid 10: [119.06772      0.849823     0.17810425  19.468561     0.82291496
   0.23961677   0.671686    13.316505     1.3580892    1.4255894
   1.9000206    0.33265102   0.7822909 ]
13.   centroid 11: [103.481674     0.8518752    0.13048735  36.666885     1.392671
   0.27883273   0.58379555  11.395034     2.512127     1.6422096
   2.229412     0.48009816   0.9528569 ]
14.   centroid 12: [29.678726    0.50414664  0.19045404 17.586468    1.0922583   0.21287112
  0.6588375   3.0028162   1.708225    1.4432739   1.9412994   0.50146514
  0.92157155]
15.   centroid 13: [ 1.3161972e+02  5.5312032e-01  3.6160645e-01  7.9205790e+00
  4.8098591e-01 -7.0455953e-02  7.7931595e-01  1.4865187e+01
  4.3141410e-01  9.0365165e-01  1.2083589e+00  2.7979937e-01
  7.1496767e-01]
16.   centroid 14: [1.26837883e+02 9.57463980e-01 3.48877311e-01 1.17379618e+01
 3.82424682e-01 1.23176806e-01 8.08790207e-01 1.43058567e+01
 4.90131408e-01 9.91241097e-01 1.25631821e+00 2.33984321e-01
 6.60644412e-01]
17.   centroid 15: [43.003487    0.8543636   0.14326856 39.418118    1.4174216   0.27782595
  0.5853304   4.3315306   2.5438933   1.6172729   2.1842566   0.521716
  0.9597168 ]
18.   centroid 16: [125.98248      0.9280509    0.25750616  10.167688     0.81506085
  -0.21872917   0.6729599   14.16077      0.56702244   1.0194757
   1.523663     0.33042037   0.7890493 ]
19.   centroid 17: [31.415022    0.58097285  0.2374331  11.612155    0.82015795 -0.09649065
  0.68241155  3.1545439   0.7026191   1.1172853   1.5986925   0.3545749
  0.82481515]
20.   centroid 18: [18.193548    0.6666659   0.733754    9.865927    0.16360964 -0.08108131
  0.9236351   1.5783318   0.13906717  0.4227105   0.52668375  0.13906717
  0.4227105 ]
21.   centroid 19: [46.682304    0.46171921  0.08170845 61.38486     4.317802    0.31431738
  0.40458336  5.1608744   8.320942    2.034011    2.7270215   1.426604
  1.4013125 ]
22.   centroid 20: [128.82954      0.6666671    0.5295694    6.2585225    0.31045508
  -0.1854439    0.8447733   14.646825     0.21013601   0.61043364
   0.82562494   0.21013601   0.61043364]
23.   centroid 21: [24.912806    0.4482296   0.31297615 13.582425    0.43419537  0.17132145
  0.7971232   2.2279263   0.6249659   1.0493325   1.3423144   0.26224095
  0.7059415 ]
24.   centroid 22: [1.1458213e+02 8.3785868e-01 6.4358786e-02 7.5500000e+01 7.7260823e+00
 3.1341290e-01 3.2442680e-01 1.2788333e+01 1.5124929e+01 2.2208338e+00
 2.9881063e+00 2.1746178e+00 1.5567709e+00]
25.   centroid 23: [127.02311      1.           0.561688     6.1922445    0.27937314
  -0.16329652   0.8603143   14.348679     0.19908407   0.5870408
   0.7806884    0.19908407   0.5870408 ]
26.   centroid 24: [23.705479    0.50342494  0.4708741  11.583904    0.30770603  0.06116251
  0.8492318   2.12517     0.3476272   0.7915575   0.99950343  0.21547024
  0.6115774 ]
27.   centroid 25: [ 1.1564122e+02  5.8343947e-01  1.8519555e-01  3.5928436e+01
  1.2648853e+00 -5.9446692e-02  6.2401885e-01  1.2534734e+01
  1.1476337e+00  1.3221736e+00  1.9310837e+00  5.1118332e-01
  9.8851144e-01]
28.   centroid 26: [ 2.1148935e+01  5.4278922e-01  3.8274485e-01  1.0667021e+01
  5.6042510e-01 -1.2418347e-02  7.8208375e-01  1.9987208e+00
  5.7246810e-01  9.5575655e-01  1.2548112e+00  3.5127658e-01
  7.7976799e-01]
29.   centroid 27: [34.616913    0.8587612   0.2006779  17.847015    0.9656709   0.22192137
  0.6700005   3.399504    1.5190052   1.394576    1.8493886   0.43537328
  0.8153864 ]
30.   centroid 28: [103.010994     0.46599495   0.14749317  44.804947     2.4840667
   0.22397631   0.55576897  11.025278     3.977745     1.721365
   2.250678     1.1401094    1.283862  ]
31.   centroid 29: [9.1636360e+01 4.9881682e-01 5.8106091e-02 5.4978786e+01 3.2612112e+00
 3.3519673e-01 3.9097691e-01 1.0004243e+01 6.5593896e+00 2.1403909e+00
 2.9836667e+00 8.3030325e-01 1.2387277e+00]
32.   centroid 30: [31.957315    0.8926157   0.23496176 12.14939     0.954878   -0.19739139
  0.65536606  3.2634146   0.6955488   1.0928699   1.6418978   0.39634126
  0.85922927]
33.   centroid 31: [26.99379     0.4792612   0.19909169 48.930126    2.3723602   0.19822228
  0.59294266  3.293479    3.6197045   1.586826    2.0550392   1.20486
  1.2184216 ]
34.   centroid 32: [33.239727    0.5909435   0.20192628 37.7363      1.2017128  -0.05929419
  0.6369925   4.0215764   1.1039219   1.2904525   1.8526013   0.51481175
  0.9938393 ]
35.   centroid 33: [ 1.8182394e+02  6.0093838e-01  9.2825696e-02  5.5917252e+01
  4.6647892e+00 -7.8121983e-02  4.0965337e-01  1.8783806e+01
  3.9473236e+00  1.8187230e+00  2.6222878e+00  1.6030984e+00
  1.4544059e+00]
36.   centroid 34: [104.7554       0.46902472   0.12730218  50.22842      3.1982002
   0.22452769   0.5046715   10.834175     5.066599     1.784045
   2.3743033    1.3662407    1.3289793 ]
37.   centroid 35: [33.603176    0.98015875  0.3631546  12.996033    0.3642855   0.12289584
  0.81785655  2.9777782   0.46654698  0.9555219   1.2080258   0.23035757
  0.6532591 ]
38.   centroid 36: [ 1.2458731e+02  8.3024758e-01  5.1250046e-01  1.2857143e+01
  3.2499963e-01 -8.2728482e-04  8.4749913e-01  1.3848810e+01
  3.2374969e-01  8.1880909e-01  1.0267544e+00  2.2874965e-01
  6.2241602e-01]
39.   centroid 37: [30.609755    0.66666645  0.5371849   8.469512    0.30203223 -0.17912506
  0.8489833   2.893089    0.2078656   0.60576546  0.815119    0.2078656
  0.60576546]
40.   centroid 38: [49.55652     0.47246394  0.06282607 55.37391     3.2256515   0.33747932
  0.396064    5.2117386   6.52076     2.116968    2.925205    0.83789104
  1.2395943 ]
41.   centroid 39: [116.13334      0.8650797    0.2015      33.79524      1.4185714
  -0.17418164   0.5958572   12.357619     1.0114049    1.2391362
   1.8632346    0.5222619    0.963757  ]
42.   centroid 40: [116.21212      0.42592597   0.32170463  31.429293     0.43535352
   0.15648077   0.79626274  12.832321     0.6104544    1.0429177
   1.3375155    0.26196983   0.7056264 ]
43.   centroid 41: [21.069767    0.39147305  0.3423549  32.720932    0.42325595  0.15474617
  0.8037213   2.0872104   0.5955808   1.0094229   1.2939357   0.26093045
  0.7022826 ]
44.   centroid 42: [ 1.1935365e+02  8.3333296e-01  3.8144821e-01  1.2225609e+01
  5.3231728e-01 -2.6064377e-02  7.8652459e-01  1.3170119e+01
  5.2673787e-01  9.8299617e-01  1.3216400e+00  3.3246952e-01
  7.7491397e-01]
45.   centroid 43: [15.86076     0.51969063  0.38368687 36.272152    0.67721564  0.05023308
  0.779114    1.6632907   0.76075995  1.0349506   1.3513396   0.44468382
  0.863185  ]
46.   centroid 44: [30.923077    0.82727903  0.19166666 41.108974    1.2891026  -0.14351462
  0.6185258   3.8955126   1.0273398   1.276501    1.9088567   0.53439105
  1.0137739 ]
2026-08-26 18:53:32,789: Discriminant_Analysis_Initialisation[Image: 1_080.pgm, function: DAI]-12:
1. Centroids: 45
2.   centroid 0: [2.6141067  1.         1.         1.0221435  0.         0.
 1.         0.11599226 0.         0.         0.         0.
 0.        ]
3.   centroid 1: [120.13398      0.53337955   0.17545387  18.285542     0.86624736
   0.23538525   0.6747227   13.456217     1.4146205    1.4350374
   1.9274013    0.36857158   0.8427273 ]
4.   centroid 2: [128.54234      0.39878887   0.31312627   9.930623     0.397519
   0.15141843   0.8039478   14.55524      0.54209775   1.0233612
   1.2974494    0.24106686   0.6727672 ]
5.   centroid 3: [124.905815    1.          1.          3.9963949   0.          0.
   1.         14.113565    0.          0.          0.          0.
   0.       ]
6.   centroid 4: [ 1.2937550e+02  5.6513989e-01  2.5194097e-01  8.6393442e+00
  7.1242458e-01 -1.1665603e-01  6.9957417e-01  1.4602151e+01
  5.8813345e-01  1.0512406e+00  1.4973009e+00  3.0663708e-01
  7.6153636e-01]
7.   centroid 5: [101.64235      0.50118214   0.12753135  37.934483     1.5572714
   0.26908904   0.57390785  11.119764     2.7831342    1.6891127
   2.3120792    0.5608109    1.03791   ]
8.   centroid 6: [37.389038    0.4811707   0.13631648 40.561905    1.5067315   0.2759545
  0.5815521   3.8047693   2.7220135   1.6653807   2.269836    0.5593556
  1.0179169 ]
9.   centroid 7: [1.2761798e+02 4.8963884e-01 4.7155571e-01 8.1773405e+00 3.0303073e-01
 5.9906028e-02 8.4968537e-01 1.4429233e+01 3.4138820e-01 7.9202139e-01
 9.9993443e-01 2.1220966e-01 6.1163670e-01]
10.   centroid 8: [ 1.23761536e+02  6.66672349e-01  7.33760536e-01  7.10125113e+00
  1.53868824e-01 -8.10798630e-02  9.24612105e-01  1.39098358e+01
  1.30790934e-01  4.22706366e-01  5.26676834e-01  1.30790934e-01
  4.22706366e-01]
11.   centroid 9: [1.17050194e+02 5.15120387e-01 6.48274496e-02 6.67107849e+01
 6.28874683e+00 3.05401742e-01 3.55814815e-01 1.30450668e+01
 1.19738865e+01 2.19758058e+00 2.96837234e+00 1.97503328e+00
 1.53008509e+00]
12.   centroid 10: [119.06772      0.849823     0.17810425  19.468561     0.82291496
   0.23961677   0.671686    13.316505     1.3580892    1.4255894
   1.9000206    0.33265102   0.7822909 ]
13.   centroid 11: [103.481674     0.8518752    0.13048735  36.666885     1.392671
   0.27883273   0.58379555  11.395034     2.512127     1.6422096
   2.229412     0.48009816   0.9528569 ]
14.   centroid 12: [29.678726    0.50414664  0.19045404 17.586468    1.0922583   0.21287112
  0.6588375   3.0028162   1.708225    1.4432739   1.9412994   0.50146514
  0.92157155]
15.   centroid 13: [ 1.3161972e+02  5.5312032e-01  3.6160645e-01  7.9205790e+00
  4.8098591e-01 -7.0455953e-02  7.7931595e-01  1.4865187e+01
  4.3141410e-01  9.0365165e-01  1.2083589e+00  2.7979937e-01
  7.1496767e-01]
16.   centroid 14: [1.26837883e+02 9.57463980e-01 3.48877311e-01 1.17379618e+01
 3.82424682e-01 1.23176806e-01 8.08790207e-01 1.43058567e+01
 4.90131408e-01 9.91241097e-01 1.25631821e+00 2.33984321e-01
 6.60644412e-01]
17.   centroid 15: [43.003487    0.8543636   0.14326856 39.418118    1.4174216   0.27782595
  0.5853304   4.3315306   2.5438933   1.6172729   2.1842566   0.521716
  0.9597168 ]
18.   centroid 16: [125.98248      0.9280509    0.25750616  10.167688     0.81506085
  -0.21872917   0.6729599   14.16077      0.56702244   1.0194757
   1.523663     0.33042037   0.7890493 ]
19.   centroid 17: [31.415022    0.58097285  0.2374331  11.612155    0.82015795 -0.09649065
  0.68241155  3.1545439   0.7026191   1.1172853   1.5986925   0.3545749
  0.82481515]
20.   centroid 18: [18.193548    0.6666659   0.733754    9.865927    0.16360964 -0.08108131
  0.9236351   1.5783318   0.13906717  0.4227105   0.52668375  0.13906717
  0.4227105 ]
21.   centroid 19: [46.682304    0.46171921  0.08170845 61.38486     4.317802    0.31431738
  0.40458336  5.1608744   8.320942    2.034011    2.7270215   1.426604
  1.4013125 ]
22.   centroid 20: [128.82954      0.6666671    0.5295694    6.2585225    0.31045508
  -0.1854439    0.8447733   14.646825     0.21013601   0.61043364
   0.82562494   0.21013601   0.61043364]
23.   centroid 21: [24.912806    0.4482296   0.31297615 13.582425    0.43419537  0.17132145
  0.7971232   2.2279263   0.6249659   1.0493325   1.3423144   0.26224095
  0.7059415 ]
24.   centroid 22: [1.1458213e+02 8.3785868e-01 6.4358786e-02 7.5500000e+01 7.7260823e+00
 3.1341290e-01 3.2442680e-01 1.2788333e+01 1.5124929e+01 2.2208338e+00
 2.9881063e+00 2.1746178e+00 1.5567709e+00]
25.   centroid 23: [127.02311      1.           0.561688     6.1922445    0.27937314
  -0.16329652   0.8603143   14.348679     0.19908407   0.5870408
   0.7806884    0.19908407   0.5870408 ]
26.   centroid 24: [23.705479    0.50342494  0.4708741  11.583904    0.30770603  0.06116251
  0.8492318   2.12517     0.3476272   0.7915575   0.99950343  0.21547024
  0.6115774 ]
27.   centroid 25: [ 1.1564122e+02  5.8343947e-01  1.8519555e-01  3.5928436e+01
  1.2648853e+00 -5.9446692e-02  6.2401885e-01  1.2534734e+01
  1.1476337e+00  1.3221736e+00  1.9310837e+00  5.1118332e-01
  9.8851144e-01]
28.   centroid 26: [ 2.1148935e+01  5.4278922e-01  3.8274485e-01  1.0667021e+01
  5.6042510e-01 -1.2418347e-02  7.8208375e-01  1.9987208e+00
  5.7246810e-01  9.5575655e-01  1.2548112e+00  3.5127658e-01
  7.7976799e-01]
29.   centroid 27: [34.616913    0.8587612   0.2006779  17.847015    0.9656709   0.22192137
  0.6700005   3.399504    1.5190052   1.394576    1.8493886   0.43537328
  0.8153864 ]
30.   centroid 28: [103.010994     0.46599495   0.14749317  44.804947     2.4840667
   0.22397631   0.55576897  11.025278     3.977745     1.721365
   2.250678     1.1401094    1.283862  ]
31.   centroid 29: [9.1636360e+01 4.9881682e-01 5.8106091e-02 5.4978786e+01 3.2612112e+00
 3.3519673e-01 3.9097691e-01 1.0004243e+01 6.5593896e+00 2.1403909e+00
 2.9836667e+00 8.3030325e-01 1.2387277e+00]
32.   centroid 30: [31.957315    0.8926157   0.23496176 12.14939     0.954878   -0.19739139
  0.65536606  3.2634146   0.6955488   1.0928699   1.6418978   0.39634126
  0.85922927]
33.   centroid 31: [26.99379     0.4792612   0.19909169 48.930126    2.3723602   0.19822228
  0.59294266  3.293479    3.6197045   1.586826    2.0550392   1.20486
  1.2184216 ]
34.   centroid 32: [33.239727    0.5909435   0.20192628 37.7363      1.2017128  -0.05929419
  0.6369925   4.0215764   1.1039219   1.2904525   1.8526013   0.51481175
  0.9938393 ]
35.   centroid 33: [ 1.8182394e+02  6.0093838e-01  9.2825696e-02  5.5917252e+01
  4.6647892e+00 -7.8121983e-02  4.0965337e-01  1.8783806e+01
  3.9473236e+00  1.8187230e+00  2.6222878e+00  1.6030984e+00
  1.4544059e+00]
36.   centroid 34: [104.7554       0.46902472   0.12730218  50.22842      3.1982002
   0.22452769   0.5046715   10.834175     5.066599     1.784045
   2.3743033    1.3662407    1.3289793 ]
37.   centroid 35: [33.603176    0.98015875  0.3631546  12.996033    0.3642855   0.12289584
  0.81785655  2.9777782   0.46654698  0.9555219   1.2080258   0.23035757
  0.6532591 ]
38.   centroid 36: [ 1.2458731e+02  8.3024758e-01  5.1250046e-01  1.2857143e+01
  3.2499963e-01 -8.2728482e-04  8.4749913e-01  1.3848810e+01
  3.2374969e-01  8.1880909e-01  1.0267544e+00  2.2874965e-01
  6.2241602e-01]
39.   centroid 37: [30.609755    0.66666645  0.5371849   8.469512    0.30203223 -0.17912506
  0.8489833   2.893089    0.2078656   0.60576546  0.815119    0.2078656
  0.60576546]
40.   centroid 38: [49.55652     0.47246394  0.06282607 55.37391     3.2256515   0.33747932
  0.396064    5.2117386   6.52076     2.116968    2.925205    0.83789104
  1.2395943 ]
41.   centroid 39: [116.13334      0.8650797    0.2015      33.79524      1.4185714
  -0.17418164   0.5958572   12.357619     1.0114049    1.2391362
   1.8632346    0.5222619    0.963757  ]
42.   centroid 40: [116.21212      0.42592597   0.32170463  31.429293     0.43535352
   0.15648077   0.79626274  12.832321     0.6104544    1.0429177
   1.3375155    0.26196983   0.7056264 ]
43.   centroid 41: [21.069767    0.39147305  0.3423549  32.720932    0.42325595  0.15474617
  0.8037213   2.0872104   0.5955808   1.0094229   1.2939357   0.26093045
  0.7022826 ]
44.   centroid 42: [ 1.1935365e+02  8.3333296e-01  3.8144821e-01  1.2225609e+01
  5.3231728e-01 -2.6064377e-02  7.8652459e-01  1.3170119e+01
  5.2673787e-01  9.8299617e-01  1.3216400e+00  3.3246952e-01
  7.7491397e-01]
45.   centroid 43: [15.86076     0.51969063  0.38368687 36.272152    0.67721564  0.05023308
  0.779114    1.6632907   0.76075995  1.0349506   1.3513396   0.44468382
  0.863185  ]
46.   centroid 44: [30.923077    0.82727903  0.19166666 41.108974    1.2891026  -0.14351462
  0.6185258   3.8955126   1.0273398   1.276501    1.9088567   0.53439105
  1.0137739 ]
2026-08-26 18:55:51,157: Discriminant_Analysis_Initialisation[Image: 1_100.pgm, function: DAI]-1:
1. Centroids: 42
2.   centroid 0: [2.07676    0.99999994 0.99999994 0.8785266  0.         0.
 0.99999994 0.06879607 0.         0.         0.         0.
 0.        ]
3.   centroid 1: [142.93964     1.          1.          2.3045983   0.          0.
   1.         15.45303     0.          0.          0.          0.
   0.       ]
4.   centroid 2: [120.24835      0.53410405   0.18543883  19.113518     0.8571684
   0.23611514   0.68143076  13.340065     1.4055399    1.4128283
   1.8917589    0.37380388   0.8426255 ]
5.   centroid 3: [105.786446     0.48973036   0.12790492  40.392776     1.7285345
   0.27657893   0.5615525   11.527603     3.1634777    1.6984124
   2.3193128    0.60454166   1.0385876 ]
6.   centroid 4: [38.395363    0.48448163  0.13805105 40.568817    1.6412894   0.27230817
  0.5768388   3.8835638   2.967136    1.6738863   2.278385    0.6062944
  1.0395725 ]
7.   centroid 5: [ 1.3292937e+02  6.6667211e-01  7.3376042e-01  6.9753971e+00
  1.5107013e-01 -8.1079923e-02  9.2489123e-01  1.4531113e+01
  1.2841195e-01  4.2270601e-01  5.2667689e-01  1.2841195e-01
  4.2270601e-01]
8.   centroid 6: [1.3334535e+02 4.9846306e-01 4.6754277e-01 8.3275356e+00 3.0770934e-01
 3.9146684e-02 8.4613442e-01 1.4696526e+01 3.3267099e-01 7.8239787e-01
 9.9565989e-01 2.1226606e-01 6.1554599e-01]
9.   centroid 7: [124.64057      0.4141436    0.32923254  12.589856     0.3770218
   0.15315507   0.8114932   13.847128     0.5144544    1.0055301
   1.2668527    0.23367736   0.6600642 ]
10.   centroid 8: [ 1.2886111e+02  5.7704705e-01  2.4844837e-01  9.9553242e+00
  7.6120138e-01 -1.0410690e-01  6.9537091e-01  1.4225447e+01
  6.5004760e-01  1.0780038e+00  1.5325127e+00  3.3068487e-01
  7.8583443e-01]
11.   centroid 9: [31.188866    0.519733    0.20288412 17.681496    1.0039836   0.22050759
  0.67457813  3.0766912   1.58987     1.4052402   1.8834978   0.4724708
  0.90171814]
12.   centroid 10: [1.2899387e+02 5.1147568e-01 6.1016940e-02 7.4795090e+01 8.1482868e+00
 3.0974719e-01 3.2605523e-01 1.4296138e+01 1.5708414e+01 2.2576065e+00
 3.0155833e+00 2.5743892e+00 1.6244299e+00]
13.   centroid 11: [104.43695      0.85812145   0.13086496  37.113636     1.4565262
   0.28972015   0.57688594  11.447436     2.7044613    1.6495093
   2.2317867    0.48647      0.9340883 ]
14.   centroid 12: [1.3046153e+02 5.1188028e-01 3.4565184e-01 9.9073076e+00 4.7538409e-01
 3.5859672e-03 7.8436655e-01 1.4409529e+01 4.9154598e-01 9.6352315e-01
 1.2615254e+00 2.8136069e-01 7.1475309e-01]
15.   centroid 13: [119.82476      0.8523587    0.1822808   19.576769     0.8106107
   0.24147569   0.6732149   13.284082     1.3478495    1.4196314
   1.8835553    0.3265836    0.7724585 ]
16.   centroid 14: [40.84657     0.86511153  0.15051426 37.2148      1.3583041   0.2758987
  0.6001679   4.0907946   2.4290702   1.580477    2.1243725   0.50966555
  0.9331921 ]
17.   centroid 15: [132.32166      0.93711436   0.2673245    9.712372     0.80659735
  -0.2434379    0.6743189   14.484711     0.5411118    0.98389256
   1.4801632    0.32063854   0.7704716 ]
18.   centroid 16: [1.2656371e+02 9.4924504e-01 3.5395387e-01 1.3674946e+01 3.8045368e-01
 1.2537703e-01 8.0977380e-01 1.4036177e+01 4.9013296e-01 9.9217218e-01
 1.2558788e+00 2.3359108e-01 6.5984029e-01]
19.   centroid 17: [28.612246    0.55687904  0.2266778  12.564626    0.8663256  -0.0757321
  0.6764648   2.8323119   0.77667236  1.1573596   1.6536114   0.3702323
  0.84508973]
20.   centroid 18: [15.581235    0.66666716  0.73375255 11.141876    0.15892515 -0.0810813
  0.9242417   1.3332951   0.1350853   0.42271     0.52668357  0.1350853
  0.42271   ]
21.   centroid 19: [47.15719     0.43905598  0.09350339 71.94398     5.478759    0.32053682
  0.38456625  5.2807703  10.593639    1.9626516   2.5934157   1.8773491
  1.4158919 ]
22.   centroid 20: [23.892735    0.5294125   0.4689195  11.718859    0.30311465  0.05356926
  0.8484453   2.1276817   0.33728257  0.7878249   0.9979294   0.21088171
  0.61269027]
23.   centroid 21: [28.283216    0.4230768   0.32301056 12.488636    0.37604862  0.16257963
  0.8119748   2.4984267   0.5227698   1.011262    1.2719201   0.23361082
  0.6599245 ]
24.   centroid 22: [2.3988281e+01 5.3059900e-01 3.8952190e-01 1.3284180e+01 5.7304621e-01
 8.9391116e-03 7.8613144e-01 2.2613266e+00 6.0441428e-01 9.6355116e-01
 1.2501012e+00 3.6675769e-01 7.8188986e-01]
25.   centroid 23: [141.22925      1.           0.59375      5.275692     0.25
  -0.14285693   0.87500006  15.455534     0.18750001   0.5623338
   0.7356223    0.18750001   0.5623338 ]
26.   centroid 24: [37.55061     0.84930134  0.20200402 19.012146    0.9674085   0.21637198
  0.67346174  3.548382    1.5098279   1.408295    1.8521084   0.4483705
  0.847581  ]
27.   centroid 25: [142.03448      0.6666667    0.59375      4.7823277    0.25
  -0.14285694   0.875       15.560345     0.1875       0.56233394
   0.73562187   0.1875       0.56233394]
28.   centroid 26: [107.78695      0.4066182    0.16116309  53.64565      3.1093476
   0.23419422   0.53839797  11.308479     5.0931163    1.6213019
   2.1255035    1.4452935    1.2416294 ]
29.   centroid 27: [1.3546788e+02 8.3345479e-01 5.2138787e-02 9.3262611e+01 1.0862611e+01
 3.2526514e-01 2.7505434e-01 1.5219950e+01 2.1651505e+01 2.3644645e+00
 3.1651726e+00 2.9310436e+00 1.6620332e+00]
30.   centroid 28: [ 1.25329994e+02  5.88027418e-01  1.78274989e-01  3.82737503e+01
  1.46249950e+00 -3.18406038e-02  6.08420730e-01  1.33399963e+01
  1.40762544e+00  1.39252555e+00  2.01638150e+00  5.87524951e-01
  1.03884137e+00]
31.   centroid 29: [1.2807071e+02 8.5241258e-01 4.2674205e-01 1.3051767e+01 4.0151533e-01
 1.1289978e-02 8.1500053e-01 1.4075257e+01 4.1871214e-01 9.1846049e-01
 1.1832832e+00 2.5522730e-01 6.7625040e-01]
32.   centroid 30: [30.612566    0.97556716  0.36422083 14.770943    0.36465925  0.12376276
  0.8176688   2.7547119   0.46802387  0.9581165   1.2108793   0.23043242
  0.6534114 ]
33.   centroid 31: [29.421965    0.589916    0.20416187 39.42919     1.2245667  -0.04501581
  0.6375298   3.4066486   1.164928    1.2985209   1.852462    0.53833807
  0.989496  ]
34.   centroid 32: [30.015152    0.43792087  0.17633522 51.926136    3.0299253   0.21512508
  0.55685383  3.654167    4.7802467   1.6518726   2.151335    1.4761547
  1.2815216 ]
35.   centroid 33: [121.165215     0.4485027    0.13071738  52.852173     4.299565
   0.21346672   0.4860087   12.576956     6.634629     1.7992412
   2.4138732    1.920283     1.3579365 ]
36.   centroid 34: [36.73874     0.8611117   0.21575454 14.722973    1.0373873  -0.13588747
  0.64935076  3.8671176   0.8400227   1.1907749   1.770711    0.43155408
  0.91915417]
37.   centroid 35: [124.07272      0.873485     0.21070454  35.13409      1.3872722
  -0.18970194   0.59757215  13.061819     0.98963654   1.2125982
   1.8021357    0.4989998    0.9290531 ]
38.   centroid 36: [ 2.0513542e+02  6.1019355e-01  9.9570297e-02  6.6286461e+01
  5.3265629e+00 -5.2164908e-02  4.0259776e-01  2.1220318e+01
  4.8467970e+00  1.8359520e+00  2.5991561e+00  1.9673179e+00
  1.5089077e+00]
39.   centroid 37: [136.40218      0.6666671    0.5349999    6.3342395    0.29999977
  -0.17649722   0.84999925  15.008696     0.20999987   0.6108638
   0.81880885   0.20999987   0.6108638 ]
40.   centroid 38: [24.626375    0.36080614  0.36118153 33.958794    0.35934094  0.12797967
  0.8203298   2.3560445   0.46565923  0.9494762   1.1985515   0.22961554
  0.6517631 ]
41.   centroid 39: [32.820225    0.840824    0.39095518 16.036516    0.5533709   0.04241418
  0.7941008   3.0028098   0.61592716  1.0061008   1.3184979   0.3570506
  0.78559464]
42.   centroid 40: [124.31034      0.40038326   0.34686804  30.468391     0.37011516
   0.13566802   0.8149429   13.573562     0.48764363   0.9772172
   1.2337608    0.23201157   0.65665114]
43.   centroid 41: [1.07882355e+02 4.85957265e-01 5.09117693e-02 6.24470596e+01
 4.22764587e+00 3.42293710e-01 3.46937805e-01 1.19335289e+01
 8.63932705e+00 2.25513554e+00 3.10842252e+00 1.03767657e+00
 1.35086536e+00]
2026-08-26 19:01:14,238: Discriminant_Analysis_Initialisation[Image: 1_100.pgm, function: DAI]-2:
1. Centroids: 42
2.   centroid 0: 
[2.07676    0.99999994]
3.   centroid 1: 
[142.93964   1.     ]
4.   centroid 2: 
[120.24835      0.53410405]
5.   centroid 3: 
[105.786446     0.48973036]
6.   centroid 4: 
[38.395363    0.48448163]
7.   centroid 5: 
[132.92937     0.6666721]
8.   centroid 6: 
[133.34535      0.49846306]
9.   centroid 7: 
[124.64057     0.4141436]
10.   centroid 8: 
[128.86111      0.57704705]
11.   centroid 9: 
[31.188866  0.519733]
12.   centroid 10: 
[128.99387     0.5114757]
13.   centroid 11: 
[104.43695      0.85812145]
14.   centroid 12: 
[130.46153     0.5118803]
15.   centroid 13: 
[119.82476     0.8523587]
16.   centroid 14: 
[40.84657     0.86511153]
17.   centroid 15: 
[132.32166      0.93711436]
18.   centroid 16: 
[126.56371      0.94924504]
19.   centroid 17: 
[28.612246    0.55687904]
20.   centroid 18: 
[15.581235    0.66666716]
21.   centroid 19: 
[47.15719     0.43905598]
22.   centroid 20: 
[23.892735   0.5294125]
23.   centroid 21: 
[28.283216   0.4230768]
24.   centroid 22: 
[23.988281  0.530599]
25.   centroid 23: 
[141.22925   1.     ]
26.   centroid 24: 
[37.55061     0.84930134]
27.   centroid 25: 
[142.03448     0.6666667]
28.   centroid 26: 
[107.78695     0.4066182]
29.   centroid 27: 
[135.46788     0.8334548]
30.   centroid 28: 
[125.329994    0.5880274]
31.   centroid 29: 
[128.07071     0.8524126]
32.   centroid 30: 
[30.612566    0.97556716]
33.   centroid 31: 
[29.421965  0.589916]
34.   centroid 32: 
[30.015152    0.43792087]
35.   centroid 33: 
[121.165215    0.4485027]
36.   centroid 34: 
[36.73874    0.8611117]
37.   centroid 35: 
[124.07272    0.873485]
38.   centroid 36: 
[205.13542      0.61019355]
39.   centroid 37: 
[136.40218     0.6666671]
40.   centroid 38: 
[24.626375    0.36080614]
41.   centroid 39: 
[32.820225  0.840824]
42.   centroid 40: 
[124.31034      0.40038326]
43.   centroid 41: 
[107.882355     0.48595726]
2026-08-26 20:54:01,125: Discriminant_Analysis_Initialisation[Image: 1_100.pgm, function: DAI]-3:
1. Centroids: 42
2.   centroid 0: 
[2.07676    0.99999994]
3.   centroid 1: 
[142.93964   1.     ]
4.   centroid 2: 
[120.24835      0.53410405]
5.   centroid 3: 
[105.786446     0.48973036]
6.   centroid 4: 
[38.395363    0.48448163]
7.   centroid 5: 
[132.92937     0.6666721]
8.   centroid 6: 
[133.34535      0.49846306]
9.   centroid 7: 
[124.64057     0.4141436]
10.   centroid 8: 
[128.86111      0.57704705]
11.   centroid 9: 
[31.188866  0.519733]
12.   centroid 10: 
[128.99387     0.5114757]
13.   centroid 11: 
[104.43695      0.85812145]
14.   centroid 12: 
[130.46153     0.5118803]
15.   centroid 13: 
[119.82476     0.8523587]
16.   centroid 14: 
[40.84657     0.86511153]
17.   centroid 15: 
[132.32166      0.93711436]
18.   centroid 16: 
[126.56371      0.94924504]
19.   centroid 17: 
[28.612246    0.55687904]
20.   centroid 18: 
[15.581235    0.66666716]
21.   centroid 19: 
[47.15719     0.43905598]
22.   centroid 20: 
[23.892735   0.5294125]
23.   centroid 21: 
[28.283216   0.4230768]
24.   centroid 22: 
[23.988281  0.530599]
25.   centroid 23: 
[141.22925   1.     ]
26.   centroid 24: 
[37.55061     0.84930134]
27.   centroid 25: 
[142.03448     0.6666667]
28.   centroid 26: 
[107.78695     0.4066182]
29.   centroid 27: 
[135.46788     0.8334548]
30.   centroid 28: 
[125.329994    0.5880274]
31.   centroid 29: 
[128.07071     0.8524126]
32.   centroid 30: 
[30.612566    0.97556716]
33.   centroid 31: 
[29.421965  0.589916]
34.   centroid 32: 
[30.015152    0.43792087]
35.   centroid 33: 
[121.165215    0.4485027]
36.   centroid 34: 
[36.73874    0.8611117]
37.   centroid 35: 
[124.07272    0.873485]
38.   centroid 36: 
[205.13542      0.61019355]
39.   centroid 37: 
[136.40218     0.6666671]
40.   centroid 38: 
[24.626375    0.36080614]
41.   centroid 39: 
[32.820225  0.840824]
42.   centroid 40: 
[124.31034      0.40038326]
43.   centroid 41: 
[107.882355     0.48595726]
2026-08-26 20:58:22,359: Discriminant_Analysis_Initialisation[Image: 1_100.pgm, function: DAI]-4:
1. Centroids: 42
2.   centroid 0: 
[2.07676    0.99999994]
3.   centroid 1: 
[142.93964   1.     ]
4.   centroid 2: 
[120.24835      0.53410405]
5.   centroid 3: 
[105.786446     0.48973036]
6.   centroid 4: 
[38.395363    0.48448163]
7.   centroid 5: 
[132.92937     0.6666721]
8.   centroid 6: 
[133.34535      0.49846306]
9.   centroid 7: 
[124.64057     0.4141436]
10.   centroid 8: 
[128.86111      0.57704705]
11.   centroid 9: 
[31.188866  0.519733]
12.   centroid 10: 
[128.99387     0.5114757]
13.   centroid 11: 
[104.43695      0.85812145]
14.   centroid 12: 
[130.46153     0.5118803]
15.   centroid 13: 
[119.82476     0.8523587]
16.   centroid 14: 
[40.84657     0.86511153]
17.   centroid 15: 
[132.32166      0.93711436]
18.   centroid 16: 
[126.56371      0.94924504]
19.   centroid 17: 
[28.612246    0.55687904]
20.   centroid 18: 
[15.581235    0.66666716]
21.   centroid 19: 
[47.15719     0.43905598]
22.   centroid 20: 
[23.892735   0.5294125]
23.   centroid 21: 
[28.283216   0.4230768]
24.   centroid 22: 
[23.988281  0.530599]
25.   centroid 23: 
[141.22925   1.     ]
26.   centroid 24: 
[37.55061     0.84930134]
27.   centroid 25: 
[142.03448     0.6666667]
28.   centroid 26: 
[107.78695     0.4066182]
29.   centroid 27: 
[135.46788     0.8334548]
30.   centroid 28: 
[125.329994    0.5880274]
31.   centroid 29: 
[128.07071     0.8524126]
32.   centroid 30: 
[30.612566    0.97556716]
33.   centroid 31: 
[29.421965  0.589916]
34.   centroid 32: 
[30.015152    0.43792087]
35.   centroid 33: 
[121.165215    0.4485027]
36.   centroid 34: 
[36.73874    0.8611117]
37.   centroid 35: 
[124.07272    0.873485]
38.   centroid 36: 
[205.13542      0.61019355]
39.   centroid 37: 
[136.40218     0.6666671]
40.   centroid 38: 
[24.626375    0.36080614]
41.   centroid 39: 
[32.820225  0.840824]
42.   centroid 40: 
[124.31034      0.40038326]
43.   centroid 41: 
[107.882355     0.48595726]
2026-08-26 21:01:16,921: Discriminant_Analysis_Initialisation[Image: 1_100.pgm, function: DAI]-5:
1. Centroids: 42
2.   centroid 0: 
[2.07676    0.99999994]
3.   centroid 1: 
[142.93964   1.     ]
4.   centroid 2: 
[120.24835      0.53410405]
5.   centroid 3: 
[105.786446     0.48973036]
6.   centroid 4: 
[38.395363    0.48448163]
7.   centroid 5: 
[132.92937     0.6666721]
8.   centroid 6: 
[133.34535      0.49846306]
9.   centroid 7: 
[124.64057     0.4141436]
10.   centroid 8: 
[128.86111      0.57704705]
11.   centroid 9: 
[31.188866  0.519733]
12.   centroid 10: 
[128.99387     0.5114757]
13.   centroid 11: 
[104.43695      0.85812145]
14.   centroid 12: 
[130.46153     0.5118803]
15.   centroid 13: 
[119.82476     0.8523587]
16.   centroid 14: 
[40.84657     0.86511153]
17.   centroid 15: 
[132.32166      0.93711436]
18.   centroid 16: 
[126.56371      0.94924504]
19.   centroid 17: 
[28.612246    0.55687904]
20.   centroid 18: 
[15.581235    0.66666716]
21.   centroid 19: 
[47.15719     0.43905598]
22.   centroid 20: 
[23.892735   0.5294125]
23.   centroid 21: 
[28.283216   0.4230768]
24.   centroid 22: 
[23.988281  0.530599]
25.   centroid 23: 
[141.22925   1.     ]
26.   centroid 24: 
[37.55061     0.84930134]
27.   centroid 25: 
[142.03448     0.6666667]
28.   centroid 26: 
[107.78695     0.4066182]
29.   centroid 27: 
[135.46788     0.8334548]
30.   centroid 28: 
[125.329994    0.5880274]
31.   centroid 29: 
[128.07071     0.8524126]
32.   centroid 30: 
[30.612566    0.97556716]
33.   centroid 31: 
[29.421965  0.589916]
34.   centroid 32: 
[30.015152    0.43792087]
35.   centroid 33: 
[121.165215    0.4485027]
36.   centroid 34: 
[36.73874    0.8611117]
37.   centroid 35: 
[124.07272    0.873485]
38.   centroid 36: 
[205.13542      0.61019355]
39.   centroid 37: 
[136.40218     0.6666671]
40.   centroid 38: 
[24.626375    0.36080614]
41.   centroid 39: 
[32.820225  0.840824]
42.   centroid 40: 
[124.31034      0.40038326]
43.   centroid 41: 
[107.882355     0.48595726]
2026-08-26 21:03:05,350: Discriminant_Analysis_Initialisation[Image: 1_050.pgm, function: DAI]-1:
1. Centroids: 45
2.   centroid 0: 
[4.438962 1.      ]
3.   centroid 1: 
[116.403076   1.      ]
4.   centroid 2: 
[98.70223    0.4750825]
5.   centroid 3: 
[113.57921     0.4388495]
6.   centroid 4: 
[109.17784     0.4945199]
7.   centroid 5: 
[126.47711      0.47677416]
8.   centroid 6: 
[115.96272     0.6666738]
9.   centroid 7: 
[36.71697     0.49209747]
10.   centroid 8: 
[112.549576    0.4920228]
11.   centroid 9: 
[109.857285     0.46515954]
12.   centroid 10: 
[107.30964      0.60980314]
13.   centroid 11: 
[20.548733    0.66666275]
14.   centroid 12: 
[35.188908   0.5208217]
15.   centroid 13: 
[31.70376     0.44586357]
16.   centroid 14: 
[108.27435      0.96157974]
17.   centroid 15: 
[39.255554   0.8659345]
18.   centroid 16: 
[92.380455    0.84823054]
19.   centroid 17: 
[28.571728   0.5175814]
20.   centroid 18: 
[108.57436     0.9012821]
21.   centroid 19: 
[32.67016     0.48996475]
22.   centroid 20: 
[93.43889     0.50575006]
23.   centroid 21: 
[43.854237   0.4688718]
24.   centroid 22: 
[29.693876   0.9620174]
25.   centroid 23: 
[110.051544    0.6666677]
26.   centroid 24: 
[106.88339      0.85247177]
27.   centroid 25: 
[39.476868    0.60982674]
28.   centroid 26: 
[113.881294    0.5926262]
29.   centroid 27: 
[102.64978     0.8849828]
30.   centroid 28: 
[116.7316   1.    ]
31.   centroid 29: 
[36.010635   0.8518024]
32.   centroid 30: 
[111.950005    0.4175925]
33.   centroid 31: 
[106.25903      0.41937715]
34.   centroid 32: 
[48.882717   0.5072307]
35.   centroid 33: 
[21.65        0.42261875]
36.   centroid 34: 
[119.32061      0.86429214]
37.   centroid 35: 
[112.34921      0.88095295]
38.   centroid 36: 
[36.15       0.5805556]
39.   centroid 37: 
[153.36752     0.4830157]
40.   centroid 38: 
[32.303574    0.66666675]
41.   centroid 39: 
[206.37273     0.5505447]
42.   centroid 40: 
[88.59813     0.46152663]
43.   centroid 41: 
[113.4762       0.52063507]
44.   centroid 42: 
[169.4423       0.59748936]
45.   centroid 43: 
[38.881187  0.878988]
46.   centroid 44: 
[91.68687     0.85942763]
2026-08-26 21:05:00,640: Discriminant_Analysis_Initialisation[Image: 1_100.pgm, function: DAI]-6:
1. Centroids: 42
2.   centroid 0: 
[2.07676    0.99999994]
3.   centroid 1: 
[142.93964   1.     ]
4.   centroid 2: 
[120.24835      0.53410405]
5.   centroid 3: 
[105.786446     0.48973036]
6.   centroid 4: 
[38.395363    0.48448163]
7.   centroid 5: 
[132.92937     0.6666721]
8.   centroid 6: 
[133.34535      0.49846306]
9.   centroid 7: 
[124.64057     0.4141436]
10.   centroid 8: 
[128.86111      0.57704705]
11.   centroid 9: 
[31.188866  0.519733]
12.   centroid 10: 
[128.99387     0.5114757]
13.   centroid 11: 
[104.43695      0.85812145]
14.   centroid 12: 
[130.46153     0.5118803]
15.   centroid 13: 
[119.82476     0.8523587]
16.   centroid 14: 
[40.84657     0.86511153]
17.   centroid 15: 
[132.32166      0.93711436]
18.   centroid 16: 
[126.56371      0.94924504]
19.   centroid 17: 
[28.612246    0.55687904]
20.   centroid 18: 
[15.581235    0.66666716]
21.   centroid 19: 
[47.15719     0.43905598]
22.   centroid 20: 
[23.892735   0.5294125]
23.   centroid 21: 
[28.283216   0.4230768]
24.   centroid 22: 
[23.988281  0.530599]
25.   centroid 23: 
[141.22925   1.     ]
26.   centroid 24: 
[37.55061     0.84930134]
27.   centroid 25: 
[142.03448     0.6666667]
28.   centroid 26: 
[107.78695     0.4066182]
29.   centroid 27: 
[135.46788     0.8334548]
30.   centroid 28: 
[125.329994    0.5880274]
31.   centroid 29: 
[128.07071     0.8524126]
32.   centroid 30: 
[30.612566    0.97556716]
33.   centroid 31: 
[29.421965  0.589916]
34.   centroid 32: 
[30.015152    0.43792087]
35.   centroid 33: 
[121.165215    0.4485027]
36.   centroid 34: 
[36.73874    0.8611117]
37.   centroid 35: 
[124.07272    0.873485]
38.   centroid 36: 
[205.13542      0.61019355]
39.   centroid 37: 
[136.40218     0.6666671]
40.   centroid 38: 
[24.626375    0.36080614]
41.   centroid 39: 
[32.820225  0.840824]
42.   centroid 40: 
[124.31034      0.40038326]
43.   centroid 41: 
[107.882355     0.48595726]
2026-08-26 21:10:05,644: Discriminant_Analysis_Initialisation[Image: 1_100.pgm, function: DAI]-7:
1. Centroids: 42
2.   centroid 0: 
[2.07676    0.99999994]
3.   centroid 1: 
[142.93964   1.     ]
4.   centroid 2: 
[120.24835      0.53410405]
5.   centroid 3: 
[105.786446     0.48973036]
6.   centroid 4: 
[38.395363    0.48448163]
7.   centroid 5: 
[132.92937     0.6666721]
8.   centroid 6: 
[133.34535      0.49846306]
9.   centroid 7: 
[124.64057     0.4141436]
10.   centroid 8: 
[128.86111      0.57704705]
11.   centroid 9: 
[31.188866  0.519733]
12.   centroid 10: 
[128.99387     0.5114757]
13.   centroid 11: 
[104.43695      0.85812145]
14.   centroid 12: 
[130.46153     0.5118803]
15.   centroid 13: 
[119.82476     0.8523587]
16.   centroid 14: 
[40.84657     0.86511153]
17.   centroid 15: 
[132.32166      0.93711436]
18.   centroid 16: 
[126.56371      0.94924504]
19.   centroid 17: 
[28.612246    0.55687904]
20.   centroid 18: 
[15.581235    0.66666716]
21.   centroid 19: 
[47.15719     0.43905598]
22.   centroid 20: 
[23.892735   0.5294125]
23.   centroid 21: 
[28.283216   0.4230768]
24.   centroid 22: 
[23.988281  0.530599]
25.   centroid 23: 
[141.22925   1.     ]
26.   centroid 24: 
[37.55061     0.84930134]
27.   centroid 25: 
[142.03448     0.6666667]
28.   centroid 26: 
[107.78695     0.4066182]
29.   centroid 27: 
[135.46788     0.8334548]
30.   centroid 28: 
[125.329994    0.5880274]
31.   centroid 29: 
[128.07071     0.8524126]
32.   centroid 30: 
[30.612566    0.97556716]
33.   centroid 31: 
[29.421965  0.589916]
34.   centroid 32: 
[30.015152    0.43792087]
35.   centroid 33: 
[121.165215    0.4485027]
36.   centroid 34: 
[36.73874    0.8611117]
37.   centroid 35: 
[124.07272    0.873485]
38.   centroid 36: 
[205.13542      0.61019355]
39.   centroid 37: 
[136.40218     0.6666671]
40.   centroid 38: 
[24.626375    0.36080614]
41.   centroid 39: 
[32.820225  0.840824]
42.   centroid 40: 
[124.31034      0.40038326]
43.   centroid 41: 
[107.882355     0.48595726]
2026-08-28 02:02:09,324: Discriminant_Analysis_Initialisation[Image: 1_090.pgm, function: DAI]-1:
1. Centroids: 41
2.   centroid 0: 
[2.0482864 1.       ]
3.   centroid 1: 
[144.52986   1.     ]
4.   centroid 2: 
[123.75507     0.5355639]
5.   centroid 3: 
[107.09776     0.5040408]
6.   centroid 4: 
[113.81715      0.49325407]
7.   centroid 5: 
[38.248764    0.49613148]
8.   centroid 6: 
[127.028885     0.43549997]
9.   centroid 7: 
[119.80241    0.578991]
10.   centroid 8: 
[132.70937      0.66666996]
11.   centroid 9: 
[130.69116      0.50230783]
12.   centroid 10: 
[120.657585     0.85914123]
13.   centroid 11: 
[30.670229   0.5067403]
14.   centroid 12: 
[108.88844      0.85701054]
15.   centroid 13: 
[46.100296  0.449709]
16.   centroid 14: 
[122.383194     0.49747905]
17.   centroid 15: 
[32.52174     0.56502336]
18.   centroid 16: 
[40.556538   0.8636719]
19.   centroid 17: 
[125.42672      0.95825696]
20.   centroid 18: 
[15.597285   0.6666671]
21.   centroid 19: 
[115.22281      0.90369904]
22.   centroid 20: 
[25.84592   0.439074]
23.   centroid 21: 
[129.39818     0.6666682]
24.   centroid 22: 
[24.172043   0.5406216]
25.   centroid 23: 
[115.26275     0.8528121]
26.   centroid 24: 
[21.739836    0.49322465]
27.   centroid 25: 
[125.22857      0.99999994]
28.   centroid 26: 
[32.764194   0.8575923]
29.   centroid 27: 
[119.798996     0.58556634]
30.   centroid 28: 
[35.359478    0.88053817]
31.   centroid 29: 
[31.57718    0.5883666]
32.   centroid 30: 
[112.97298      0.49072817]
33.   centroid 31: 
[101.94203      0.51009893]
34.   centroid 32: 
[26.969925    0.97869706]
35.   centroid 33: 
[31.684616   0.4858973]
36.   centroid 34: 
[47.81739     0.87502396]
37.   centroid 35: 
[169.99107     0.5810019]
38.   centroid 36: 
[29.899082    0.66666675]
39.   centroid 37: 
[34.39252   0.475026]
40.   centroid 38: 
[119.43925      0.87798584]
41.   centroid 39: 
[106.99057     0.5020439]
42.   centroid 40: 
[20.818182    0.40067357]
2026-09-04 09:29:12,590: Discriminant_Analysis_Initialisation[Image: 1_090.pgm, function: DAI]-2:
1. Centroids: 41
2.   centroid 0: 
[2.0482864 1.       ]
3.   centroid 1: 
[144.52986   1.     ]
4.   centroid 2: 
[123.75507     0.5355639]
5.   centroid 3: 
[107.09776     0.5040408]
6.   centroid 4: 
[113.81715      0.49325407]
7.   centroid 5: 
[38.248764    0.49613148]
8.   centroid 6: 
[127.028885     0.43549997]
9.   centroid 7: 
[119.80241    0.578991]
10.   centroid 8: 
[132.70937      0.66666996]
11.   centroid 9: 
[130.69116      0.50230783]
12.   centroid 10: 
[120.657585     0.85914123]
13.   centroid 11: 
[30.670229   0.5067403]
14.   centroid 12: 
[108.88844      0.85701054]
15.   centroid 13: 
[46.100296  0.449709]
16.   centroid 14: 
[122.383194     0.49747905]
17.   centroid 15: 
[32.52174     0.56502336]
18.   centroid 16: 
[40.556538   0.8636719]
19.   centroid 17: 
[125.42672      0.95825696]
20.   centroid 18: 
[15.597285   0.6666671]
21.   centroid 19: 
[115.22281      0.90369904]
22.   centroid 20: 
[25.84592   0.439074]
23.   centroid 21: 
[129.39818     0.6666682]
24.   centroid 22: 
[24.172043   0.5406216]
25.   centroid 23: 
[115.26275     0.8528121]
26.   centroid 24: 
[21.739836    0.49322465]
27.   centroid 25: 
[125.22857      0.99999994]
28.   centroid 26: 
[32.764194   0.8575923]
29.   centroid 27: 
[119.798996     0.58556634]
30.   centroid 28: 
[35.359478    0.88053817]
31.   centroid 29: 
[31.57718    0.5883666]
32.   centroid 30: 
[112.97298      0.49072817]
33.   centroid 31: 
[101.94203      0.51009893]
34.   centroid 32: 
[26.969925    0.97869706]
35.   centroid 33: 
[31.684616   0.4858973]
36.   centroid 34: 
[47.81739     0.87502396]
37.   centroid 35: 
[169.99107     0.5810019]
38.   centroid 36: 
[29.899082    0.66666675]
39.   centroid 37: 
[34.39252   0.475026]
40.   centroid 38: 
[119.43925      0.87798584]
41.   centroid 39: 
[106.99057     0.5020439]
42.   centroid 40: 
[20.818182    0.40067357]
2026-09-04 09:31:52,474: Discriminant_Analysis_Initialisation[Image: 1_090.pgm, function: DAI]-3:
1. Centroids: 41
2.   centroid 0: 
[2.0482864 1.       ]
3.   centroid 1: 
[144.52986   1.     ]
4.   centroid 2: 
[123.75507     0.5355639]
5.   centroid 3: 
[107.09776     0.5040408]
6.   centroid 4: 
[113.81715      0.49325407]
7.   centroid 5: 
[38.248764    0.49613148]
8.   centroid 6: 
[127.028885     0.43549997]
9.   centroid 7: 
[119.80241    0.578991]
10.   centroid 8: 
[132.70937      0.66666996]
11.   centroid 9: 
[130.69116      0.50230783]
12.   centroid 10: 
[120.657585     0.85914123]
13.   centroid 11: 
[30.670229   0.5067403]
14.   centroid 12: 
[108.88844      0.85701054]
15.   centroid 13: 
[46.100296  0.449709]
16.   centroid 14: 
[122.383194     0.49747905]
17.   centroid 15: 
[32.52174     0.56502336]
18.   centroid 16: 
[40.556538   0.8636719]
19.   centroid 17: 
[125.42672      0.95825696]
20.   centroid 18: 
[15.597285   0.6666671]
21.   centroid 19: 
[115.22281      0.90369904]
22.   centroid 20: 
[25.84592   0.439074]
23.   centroid 21: 
[129.39818     0.6666682]
24.   centroid 22: 
[24.172043   0.5406216]
25.   centroid 23: 
[115.26275     0.8528121]
26.   centroid 24: 
[21.739836    0.49322465]
27.   centroid 25: 
[125.22857      0.99999994]
28.   centroid 26: 
[32.764194   0.8575923]
29.   centroid 27: 
[119.798996     0.58556634]
30.   centroid 28: 
[35.359478    0.88053817]
31.   centroid 29: 
[31.57718    0.5883666]
32.   centroid 30: 
[112.97298      0.49072817]
33.   centroid 31: 
[101.94203      0.51009893]
34.   centroid 32: 
[26.969925    0.97869706]
35.   centroid 33: 
[31.684616   0.4858973]
36.   centroid 34: 
[47.81739     0.87502396]
37.   centroid 35: 
[169.99107     0.5810019]
38.   centroid 36: 
[29.899082    0.66666675]
39.   centroid 37: 
[34.39252   0.475026]
40.   centroid 38: 
[119.43925      0.87798584]
41.   centroid 39: 
[106.99057     0.5020439]
42.   centroid 40: 
[20.818182    0.40067357]
2026-09-04 09:38:20,071: Discriminant_Analysis_Initialisation[Image: 1_080.pgm, function: DAI]-13:
1. Centroids: 45
2.   centroid 0: 
[2.6141067 1.       ]
3.   centroid 1: 
[120.13398      0.53337955]
4.   centroid 2: 
[128.54234      0.39878887]
5.   centroid 3: 
[124.905815   1.      ]
6.   centroid 4: 
[129.3755      0.5651399]
7.   centroid 5: 
[101.64235      0.50118214]
8.   centroid 6: 
[37.389038   0.4811707]
9.   centroid 7: 
[127.61798      0.48963884]
10.   centroid 8: 
[123.761536     0.66667235]
11.   centroid 9: 
[117.05019     0.5151204]
12.   centroid 10: 
[119.06772    0.849823]
13.   centroid 11: 
[103.481674    0.8518752]
14.   centroid 12: 
[29.678726    0.50414664]
15.   centroid 13: 
[131.61972     0.5531203]
16.   centroid 14: 
[126.83788    0.957464]
17.   centroid 15: 
[43.003487   0.8543636]
18.   centroid 16: 
[125.98248     0.9280509]
19.   centroid 17: 
[31.415022    0.58097285]
20.   centroid 18: 
[18.193548   0.6666659]
21.   centroid 19: 
[46.682304    0.46171921]
22.   centroid 20: 
[128.82954     0.6666671]
23.   centroid 21: 
[24.912806   0.4482296]
24.   centroid 22: 
[114.58213     0.8378587]
25.   centroid 23: 
[127.02311   1.     ]
26.   centroid 24: 
[23.705479    0.50342494]
27.   centroid 25: 
[115.64122      0.58343947]
28.   centroid 26: 
[21.148935   0.5427892]
29.   centroid 27: 
[34.616913   0.8587612]
30.   centroid 28: 
[103.010994     0.46599495]
31.   centroid 29: 
[91.63636     0.49881682]
32.   centroid 30: 
[31.957315   0.8926157]
33.   centroid 31: 
[26.99379    0.4792612]
34.   centroid 32: 
[33.239727   0.5909435]
35.   centroid 33: 
[181.82394     0.6009384]
36.   centroid 34: 
[104.7554       0.46902472]
37.   centroid 35: 
[33.603176    0.98015875]
38.   centroid 36: 
[124.58731     0.8302476]
39.   centroid 37: 
[30.609755    0.66666645]
40.   centroid 38: 
[49.55652     0.47246394]
41.   centroid 39: 
[116.13334     0.8650797]
42.   centroid 40: 
[116.21212      0.42592597]
43.   centroid 41: 
[21.069767    0.39147305]
44.   centroid 42: 
[119.35365      0.83333296]
45.   centroid 43: 
[15.86076     0.51969063]
46.   centroid 44: 
[30.923077    0.82727903]
2026-09-04 09:46:08,126: Discriminant_Analysis_Initialisation[Image: 1_100.pgm, function: DAI]-8:
1. Centroids: 42
2.   centroid 0: 
[2.07676    0.99999994]
3.   centroid 1: 
[142.93964   1.     ]
4.   centroid 2: 
[120.24835      0.53410405]
5.   centroid 3: 
[105.786446     0.48973036]
6.   centroid 4: 
[38.395363    0.48448163]
7.   centroid 5: 
[132.92937     0.6666721]
8.   centroid 6: 
[133.34535      0.49846306]
9.   centroid 7: 
[124.64057     0.4141436]
10.   centroid 8: 
[128.86111      0.57704705]
11.   centroid 9: 
[31.188866  0.519733]
12.   centroid 10: 
[128.99387     0.5114757]
13.   centroid 11: 
[104.43695      0.85812145]
14.   centroid 12: 
[130.46153     0.5118803]
15.   centroid 13: 
[119.82476     0.8523587]
16.   centroid 14: 
[40.84657     0.86511153]
17.   centroid 15: 
[132.32166      0.93711436]
18.   centroid 16: 
[126.56371      0.94924504]
19.   centroid 17: 
[28.612246    0.55687904]
20.   centroid 18: 
[15.581235    0.66666716]
21.   centroid 19: 
[47.15719     0.43905598]
22.   centroid 20: 
[23.892735   0.5294125]
23.   centroid 21: 
[28.283216   0.4230768]
24.   centroid 22: 
[23.988281  0.530599]
25.   centroid 23: 
[141.22925   1.     ]
26.   centroid 24: 
[37.55061     0.84930134]
27.   centroid 25: 
[142.03448     0.6666667]
28.   centroid 26: 
[107.78695     0.4066182]
29.   centroid 27: 
[135.46788     0.8334548]
30.   centroid 28: 
[125.329994    0.5880274]
31.   centroid 29: 
[128.07071     0.8524126]
32.   centroid 30: 
[30.612566    0.97556716]
33.   centroid 31: 
[29.421965  0.589916]
34.   centroid 32: 
[30.015152    0.43792087]
35.   centroid 33: 
[121.165215    0.4485027]
36.   centroid 34: 
[36.73874    0.8611117]
37.   centroid 35: 
[124.07272    0.873485]
38.   centroid 36: 
[205.13542      0.61019355]
39.   centroid 37: 
[136.40218     0.6666671]
40.   centroid 38: 
[24.626375    0.36080614]
41.   centroid 39: 
[32.820225  0.840824]
42.   centroid 40: 
[124.31034      0.40038326]
43.   centroid 41: 
[107.882355     0.48595726]
2026-09-04 09:47:19,108: Discriminant_Analysis_Initialisation[Image: 1_100.pgm, function: DAI]-9:
1. Centroids: 42
2.   centroid 0: 
[2.07676    0.99999994]
3.   centroid 1: 
[142.93964   1.     ]
4.   centroid 2: 
[120.24835      0.53410405]
5.   centroid 3: 
[105.786446     0.48973036]
6.   centroid 4: 
[38.395363    0.48448163]
7.   centroid 5: 
[132.92937     0.6666721]
8.   centroid 6: 
[133.34535      0.49846306]
9.   centroid 7: 
[124.64057     0.4141436]
10.   centroid 8: 
[128.86111      0.57704705]
11.   centroid 9: 
[31.188866  0.519733]
12.   centroid 10: 
[128.99387     0.5114757]
13.   centroid 11: 
[104.43695      0.85812145]
14.   centroid 12: 
[130.46153     0.5118803]
15.   centroid 13: 
[119.82476     0.8523587]
16.   centroid 14: 
[40.84657     0.86511153]
17.   centroid 15: 
[132.32166      0.93711436]
18.   centroid 16: 
[126.56371      0.94924504]
19.   centroid 17: 
[28.612246    0.55687904]
20.   centroid 18: 
[15.581235    0.66666716]
21.   centroid 19: 
[47.15719     0.43905598]
22.   centroid 20: 
[23.892735   0.5294125]
23.   centroid 21: 
[28.283216   0.4230768]
24.   centroid 22: 
[23.988281  0.530599]
25.   centroid 23: 
[141.22925   1.     ]
26.   centroid 24: 
[37.55061     0.84930134]
27.   centroid 25: 
[142.03448     0.6666667]
28.   centroid 26: 
[107.78695     0.4066182]
29.   centroid 27: 
[135.46788     0.8334548]
30.   centroid 28: 
[125.329994    0.5880274]
31.   centroid 29: 
[128.07071     0.8524126]
32.   centroid 30: 
[30.612566    0.97556716]
33.   centroid 31: 
[29.421965  0.589916]
34.   centroid 32: 
[30.015152    0.43792087]
35.   centroid 33: 
[121.165215    0.4485027]
36.   centroid 34: 
[36.73874    0.8611117]
37.   centroid 35: 
[124.07272    0.873485]
38.   centroid 36: 
[205.13542      0.61019355]
39.   centroid 37: 
[136.40218     0.6666671]
40.   centroid 38: 
[24.626375    0.36080614]
41.   centroid 39: 
[32.820225  0.840824]
42.   centroid 40: 
[124.31034      0.40038326]
43.   centroid 41: 
[107.882355     0.48595726]
2026-09-04 17:51:32,533: Discriminant_Analysis_Initialisation[Image: 1_100.pgm, function: DAI]-10:
1. Centroids: 45
2.   centroid 0: 
[2.07676    0.99999994]
3.   centroid 1: 
[142.93964   1.     ]
4.   centroid 2: 
[120.24835      0.53410405]
5.   centroid 3: 
[105.786446     0.48973036]
6.   centroid 4: 
[38.395363    0.48448163]
7.   centroid 5: 
[134.34518      0.66667444]
8.   centroid 6: 
[124.64057     0.4141436]
9.   centroid 7: 
[132.83801      0.48506814]
10.   centroid 8: 
[128.86111      0.57704705]
11.   centroid 9: 
[31.188866  0.519733]
12.   centroid 10: 
[128.99387     0.5114757]
13.   centroid 11: 
[104.43695      0.85812145]
14.   centroid 12: 
[130.46153     0.5118803]
15.   centroid 13: 
[119.82476     0.8523587]
16.   centroid 14: 
[40.84657     0.86511153]
17.   centroid 15: 
[131.9195      0.9353823]
18.   centroid 16: 
[126.56371      0.94924504]
19.   centroid 17: 
[16.129387    0.66666675]
20.   centroid 18: 
[28.612246    0.55687904]
21.   centroid 19: 
[47.15719     0.43905598]
22.   centroid 20: 
[28.283216   0.4230768]
23.   centroid 21: 
[24.145906   0.5255047]
24.   centroid 22: 
[23.988281  0.530599]
25.   centroid 23: 
[141.22925   1.     ]
26.   centroid 24: 
[37.55061     0.84930134]
27.   centroid 25: 
[107.78695     0.4066182]
28.   centroid 26: 
[135.46788     0.8334548]
29.   centroid 27: 
[125.329994    0.5880274]
30.   centroid 28: 
[128.07071     0.8524126]
31.   centroid 29: 
[30.612566    0.97556716]
32.   centroid 30: 
[138.02223      0.66666573]
33.   centroid 31: 
[29.421965  0.589916]
34.   centroid 32: 
[30.015152    0.43792087]
35.   centroid 33: 
[121.165215    0.4485027]
36.   centroid 34: 
[36.73874    0.8611117]
37.   centroid 35: 
[124.07272    0.873485]
38.   centroid 36: 
[140.84848   1.     ]
39.   centroid 37: 
[205.13542      0.61019355]
40.   centroid 38: 
[24.626375    0.36080614]
41.   centroid 39: 
[32.820225  0.840824]
42.   centroid 40: 
[124.31034      0.40038326]
43.   centroid 41: 
[107.882355     0.48595726]
44.   centroid 42: 
[24.6       0.666667]
45.   centroid 43: 
[17.50685    0.5296804]
46.   centroid 44: 
[120.          0.5285495]
2026-09-04 18:04:15,099: Discriminant_Analysis_Initialisation[Image: 1_100.pgm, function: DAI]-11:
1. Centroids: 45
2.   centroid 0: 
[2.07676    0.99999994]
3.   centroid 1: 
[142.93964   1.     ]
4.   centroid 2: 
[120.24835      0.53410405]
5.   centroid 3: 
[105.786446     0.48973036]
6.   centroid 4: 
[38.395363    0.48448163]
7.   centroid 5: 
[134.34518      0.66667444]
8.   centroid 6: 
[124.64057     0.4141436]
9.   centroid 7: 
[132.83801      0.48506814]
10.   centroid 8: 
[128.86111      0.57704705]
11.   centroid 9: 
[31.188866  0.519733]
12.   centroid 10: 
[128.99387     0.5114757]
13.   centroid 11: 
[104.43695      0.85812145]
14.   centroid 12: 
[130.46153     0.5118803]
15.   centroid 13: 
[119.82476     0.8523587]
16.   centroid 14: 
[40.84657     0.86511153]
17.   centroid 15: 
[131.9195      0.9353823]
18.   centroid 16: 
[126.56371      0.94924504]
19.   centroid 17: 
[16.129387    0.66666675]
20.   centroid 18: 
[28.612246    0.55687904]
21.   centroid 19: 
[47.15719     0.43905598]
22.   centroid 20: 
[28.283216   0.4230768]
23.   centroid 21: 
[24.145906   0.5255047]
24.   centroid 22: 
[23.988281  0.530599]
25.   centroid 23: 
[141.22925   1.     ]
26.   centroid 24: 
[37.55061     0.84930134]
27.   centroid 25: 
[107.78695     0.4066182]
28.   centroid 26: 
[135.46788     0.8334548]
29.   centroid 27: 
[125.329994    0.5880274]
30.   centroid 28: 
[128.07071     0.8524126]
31.   centroid 29: 
[30.612566    0.97556716]
32.   centroid 30: 
[138.02223      0.66666573]
33.   centroid 31: 
[29.421965  0.589916]
34.   centroid 32: 
[30.015152    0.43792087]
35.   centroid 33: 
[121.165215    0.4485027]
36.   centroid 34: 
[36.73874    0.8611117]
37.   centroid 35: 
[124.07272    0.873485]
38.   centroid 36: 
[140.84848   1.     ]
39.   centroid 37: 
[205.13542      0.61019355]
40.   centroid 38: 
[24.626375    0.36080614]
41.   centroid 39: 
[32.820225  0.840824]
42.   centroid 40: 
[124.31034      0.40038326]
43.   centroid 41: 
[107.882355     0.48595726]
44.   centroid 42: 
[24.6       0.666667]
45.   centroid 43: 
[17.50685    0.5296804]
46.   centroid 44: 
[120.          0.5285495]
2026-09-04 18:30:58,395: Discriminant_Analysis_Initialisation[Image: 1_080.pgm, function: DAI]-14:
1. Centroids: 43
2.   centroid 0: 
[2.6141067 1.       ]
3.   centroid 1: 
[120.13398      0.53337955]
4.   centroid 2: 
[128.54234      0.39878887]
5.   centroid 3: 
[124.905815   1.      ]
6.   centroid 4: 
[129.3755      0.5651399]
7.   centroid 5: 
[101.64235      0.50118214]
8.   centroid 6: 
[37.389038   0.4811707]
9.   centroid 7: 
[127.77276      0.49173513]
10.   centroid 8: 
[123.761536     0.66667235]
11.   centroid 9: 
[117.05019     0.5151204]
12.   centroid 10: 
[119.06772    0.849823]
13.   centroid 11: 
[103.481674    0.8518752]
14.   centroid 12: 
[29.678726    0.50414664]
15.   centroid 13: 
[131.61972     0.5531203]
16.   centroid 14: 
[126.83788    0.957464]
17.   centroid 15: 
[126.125435     0.92941046]
18.   centroid 16: 
[43.003487   0.8543636]
19.   centroid 17: 
[31.415022    0.58097285]
20.   centroid 18: 
[18.193548   0.6666659]
21.   centroid 19: 
[46.682304    0.46171921]
22.   centroid 20: 
[24.912806   0.4482296]
23.   centroid 21: 
[114.58213     0.8378587]
24.   centroid 22: 
[23.687075   0.5045355]
25.   centroid 23: 
[130.84091      0.66666734]
26.   centroid 24: 
[115.64122      0.58343947]
27.   centroid 25: 
[21.148935   0.5427892]
28.   centroid 26: 
[34.616913   0.8587612]
29.   centroid 27: 
[127.094246   1.      ]
30.   centroid 28: 
[103.010994     0.46599495]
31.   centroid 29: 
[31.933733   0.8939094]
32.   centroid 30: 
[91.63636     0.49881682]
33.   centroid 31: 
[26.99379    0.4792612]
34.   centroid 32: 
[124.325005   0.666666]
35.   centroid 33: 
[33.239727   0.5909435]
36.   centroid 34: 
[181.82394     0.6009384]
37.   centroid 35: 
[104.7554       0.46902472]
38.   centroid 36: 
[124.58731     0.8302476]
39.   centroid 37: 
[33.603176    0.98015875]
40.   centroid 38: 
[49.55652     0.47246394]
41.   centroid 39: 
[126.901794   1.      ]
42.   centroid 40: 
[116.13334     0.8650797]
43.   centroid 41: 
[116.21212      0.42592597]
44.   centroid 42: 
[21.069767    0.39147305]
2026-09-04 18:37:30,528: Discriminant_Analysis_Initialisation[Image: 1_050.pgm, function: DAI]-2:
1. Centroids: 45
2.   centroid 0: 
[4.438962 1.      ]
3.   centroid 1: 
[116.403076   1.      ]
4.   centroid 2: 
[98.70223    0.4750825]
5.   centroid 3: 
[113.57921     0.4388495]
6.   centroid 4: 
[109.17784     0.4945199]
7.   centroid 5: 
[126.47711      0.47677416]
8.   centroid 6: 
[115.96272     0.6666738]
9.   centroid 7: 
[36.71697     0.49209747]
10.   centroid 8: 
[112.549576    0.4920228]
11.   centroid 9: 
[109.857285     0.46515954]
12.   centroid 10: 
[107.30964      0.60980314]
13.   centroid 11: 
[20.548733    0.66666275]
14.   centroid 12: 
[35.188908   0.5208217]
15.   centroid 13: 
[31.70376     0.44586357]
16.   centroid 14: 
[108.27435      0.96157974]
17.   centroid 15: 
[39.255554   0.8659345]
18.   centroid 16: 
[92.380455    0.84823054]
19.   centroid 17: 
[28.571728   0.5175814]
20.   centroid 18: 
[108.57436     0.9012821]
21.   centroid 19: 
[32.67016     0.48996475]
22.   centroid 20: 
[93.43889     0.50575006]
23.   centroid 21: 
[43.854237   0.4688718]
24.   centroid 22: 
[29.693876   0.9620174]
25.   centroid 23: 
[106.88339      0.85247177]
26.   centroid 24: 
[39.476868    0.60982674]
27.   centroid 25: 
[113.881294    0.5926262]
28.   centroid 26: 
[102.64978     0.8849828]
29.   centroid 27: 
[36.010635   0.8518024]
30.   centroid 28: 
[111.950005    0.4175925]
31.   centroid 29: 
[106.25903      0.41937715]
32.   centroid 30: 
[48.882717   0.5072307]
33.   centroid 31: 
[115.70513   1.     ]
34.   centroid 32: 
[112.66438     0.6666661]
35.   centroid 33: 
[107.42069      0.66666615]
36.   centroid 34: 
[21.65        0.42261875]
37.   centroid 35: 
[119.32061      0.86429214]
38.   centroid 36: 
[112.34921      0.88095295]
39.   centroid 37: 
[36.15       0.5805556]
40.   centroid 38: 
[153.36752     0.4830157]
41.   centroid 39: 
[206.37273     0.5505447]
42.   centroid 40: 
[88.59813     0.46152663]
43.   centroid 41: 
[113.4762       0.52063507]
44.   centroid 42: 
[169.4423       0.59748936]
45.   centroid 43: 
[38.881187  0.878988]
46.   centroid 44: 
[91.68687     0.85942763]
2026-09-04 19:11:09,409: Discriminant_Analysis_Initialisation[Image: 1_090.pgm, function: DAI]-4:
1. Centroids: 41
2.   centroid 0: 
[2.0482864 1.       ]
3.   centroid 1: 
[144.52986   1.     ]
4.   centroid 2: 
[123.75507     0.5355639]
5.   centroid 3: 
[107.09776     0.5040408]
6.   centroid 4: 
[113.81715      0.49325407]
7.   centroid 5: 
[38.248764    0.49613148]
8.   centroid 6: 
[127.028885     0.43549997]
9.   centroid 7: 
[119.80241    0.578991]
10.   centroid 8: 
[132.70937      0.66666996]
11.   centroid 9: 
[130.46039     0.5118692]
12.   centroid 10: 
[120.657585     0.85914123]
13.   centroid 11: 
[30.670229   0.5067403]
14.   centroid 12: 
[108.88844      0.85701054]
15.   centroid 13: 
[46.100296  0.449709]
16.   centroid 14: 
[122.383194     0.49747905]
17.   centroid 15: 
[32.52174     0.56502336]
18.   centroid 16: 
[40.556538   0.8636719]
19.   centroid 17: 
[125.42672      0.95825696]
20.   centroid 18: 
[15.597285   0.6666671]
21.   centroid 19: 
[115.164925     0.90495956]
22.   centroid 20: 
[25.84592   0.439074]
23.   centroid 21: 
[24.172043   0.5406216]
24.   centroid 22: 
[22.490637   0.5068666]
25.   centroid 23: 
[115.26275     0.8528121]
26.   centroid 24: 
[32.764194   0.8575923]
27.   centroid 25: 
[119.798996     0.58556634]
28.   centroid 26: 
[128.64046      0.66666573]
29.   centroid 27: 
[125.89375   1.     ]
30.   centroid 28: 
[35.359478    0.88053817]
31.   centroid 29: 
[31.57718    0.5883666]
32.   centroid 30: 
[112.97298      0.49072817]
33.   centroid 31: 
[101.94203      0.51009893]
34.   centroid 32: 
[119.55224     0.8984251]
35.   centroid 33: 
[26.969925    0.97869706]
36.   centroid 34: 
[31.684616   0.4858973]
37.   centroid 35: 
[47.81739     0.87502396]
38.   centroid 36: 
[169.99107     0.5810019]
39.   centroid 37: 
[34.39252   0.475026]
40.   centroid 38: 
[119.43925      0.87798584]
41.   centroid 39: 
[106.99057     0.5020439]
42.   centroid 40: 
[20.818182    0.40067357]
2026-09-04 19:13:28,103: Discriminant_Analysis_Initialisation[Image: 1_100.pgm, function: DAI]-12:
1. Centroids: 45
2.   centroid 0: 
[2.07676    0.99999994]
3.   centroid 1: 
[142.93964   1.     ]
4.   centroid 2: 
[120.24835      0.53410405]
5.   centroid 3: 
[105.786446     0.48973036]
6.   centroid 4: 
[38.395363    0.48448163]
7.   centroid 5: 
[134.34518      0.66667444]
8.   centroid 6: 
[124.64057     0.4141436]
9.   centroid 7: 
[132.83801      0.48506814]
10.   centroid 8: 
[128.86111      0.57704705]
11.   centroid 9: 
[31.188866  0.519733]
12.   centroid 10: 
[128.99387     0.5114757]
13.   centroid 11: 
[104.43695      0.85812145]
14.   centroid 12: 
[130.46153     0.5118803]
15.   centroid 13: 
[119.82476     0.8523587]
16.   centroid 14: 
[40.84657     0.86511153]
17.   centroid 15: 
[131.9195      0.9353823]
18.   centroid 16: 
[126.56371      0.94924504]
19.   centroid 17: 
[16.129387    0.66666675]
20.   centroid 18: 
[28.612246    0.55687904]
21.   centroid 19: 
[47.15719     0.43905598]
22.   centroid 20: 
[28.283216   0.4230768]
23.   centroid 21: 
[24.145906   0.5255047]
24.   centroid 22: 
[23.988281  0.530599]
25.   centroid 23: 
[141.22925   1.     ]
26.   centroid 24: 
[37.55061     0.84930134]
27.   centroid 25: 
[107.78695     0.4066182]
28.   centroid 26: 
[135.46788     0.8334548]
29.   centroid 27: 
[125.329994    0.5880274]
30.   centroid 28: 
[128.07071     0.8524126]
31.   centroid 29: 
[30.612566    0.97556716]
32.   centroid 30: 
[138.02223      0.66666573]
33.   centroid 31: 
[29.421965  0.589916]
34.   centroid 32: 
[30.015152    0.43792087]
35.   centroid 33: 
[121.165215    0.4485027]
36.   centroid 34: 
[36.73874    0.8611117]
37.   centroid 35: 
[124.07272    0.873485]
38.   centroid 36: 
[140.84848   1.     ]
39.   centroid 37: 
[205.13542      0.61019355]
40.   centroid 38: 
[24.626375    0.36080614]
41.   centroid 39: 
[32.820225  0.840824]
42.   centroid 40: 
[124.31034      0.40038326]
43.   centroid 41: 
[107.882355     0.48595726]
44.   centroid 42: 
[24.6       0.666667]
45.   centroid 43: 
[17.50685    0.5296804]
46.   centroid 44: 
[120.          0.5285495]
2026-09-04 19:19:10,255: Discriminant_Analysis_Initialisation[Image: 1_050.pgm, function: DAI]-3:
1. Centroids: 45
2.   centroid 0: 
[4.438962 1.      ]
3.   centroid 1: 
[116.403076   1.      ]
4.   centroid 2: 
[98.70223    0.4750825]
5.   centroid 3: 
[113.57921     0.4388495]
6.   centroid 4: 
[109.17784     0.4945199]
7.   centroid 5: 
[126.47711      0.47677416]
8.   centroid 6: 
[115.96272     0.6666738]
9.   centroid 7: 
[36.71697     0.49209747]
10.   centroid 8: 
[112.549576    0.4920228]
11.   centroid 9: 
[109.857285     0.46515954]
12.   centroid 10: 
[107.30964      0.60980314]
13.   centroid 11: 
[20.548733    0.66666275]
14.   centroid 12: 
[35.188908   0.5208217]
15.   centroid 13: 
[31.70376     0.44586357]
16.   centroid 14: 
[108.27435      0.96157974]
17.   centroid 15: 
[39.255554   0.8659345]
18.   centroid 16: 
[92.380455    0.84823054]
19.   centroid 17: 
[28.571728   0.5175814]
20.   centroid 18: 
[108.57436     0.9012821]
21.   centroid 19: 
[32.67016     0.48996475]
22.   centroid 20: 
[93.43889     0.50575006]
23.   centroid 21: 
[43.854237   0.4688718]
24.   centroid 22: 
[29.693876   0.9620174]
25.   centroid 23: 
[106.88339      0.85247177]
26.   centroid 24: 
[39.476868    0.60982674]
27.   centroid 25: 
[113.881294    0.5926262]
28.   centroid 26: 
[102.64978     0.8849828]
29.   centroid 27: 
[36.010635   0.8518024]
30.   centroid 28: 
[111.950005    0.4175925]
31.   centroid 29: 
[106.25903      0.41937715]
32.   centroid 30: 
[48.882717   0.5072307]
33.   centroid 31: 
[115.70513   1.     ]
34.   centroid 32: 
[112.66438     0.6666661]
35.   centroid 33: 
[107.42069      0.66666615]
36.   centroid 34: 
[21.65        0.42261875]
37.   centroid 35: 
[119.32061      0.86429214]
38.   centroid 36: 
[112.34921      0.88095295]
39.   centroid 37: 
[36.15       0.5805556]
40.   centroid 38: 
[153.36752     0.4830157]
41.   centroid 39: 
[206.37273     0.5505447]
42.   centroid 40: 
[88.59813     0.46152663]
43.   centroid 41: 
[113.4762       0.52063507]
44.   centroid 42: 
[169.4423       0.59748936]
45.   centroid 43: 
[38.881187  0.878988]
46.   centroid 44: 
[91.68687     0.85942763]
2026-09-04 22:47:43,947: Discriminant_Analysis_Initialisation[Image: hiya.pgm, function: DAI]-1:
1. Centroids: 99
2.   centroid 0: 
[163.37192   1.     ]
3.   centroid 1: 
[79.866714  1.      ]
4.   centroid 2: 
[81.19059     0.38343573]
5.   centroid 3: 
[79.94468     0.50918096]
6.   centroid 4: 
[159.17         0.37595755]
7.   centroid 5: 
[80.00426    0.6664533]
8.   centroid 6: 
[85.018875    0.44686428]
9.   centroid 7: 
[157.63232      0.50154704]
10.   centroid 8: 
[152.21579      0.99661386]
11.   centroid 9: 
[159.66623      0.66668487]
12.   centroid 10: 
[120.48956      0.99999994]
13.   centroid 11: 
[81.12476    0.9808287]
14.   centroid 12: 
[143.13037      0.43679473]
15.   centroid 13: 
[88.23688    0.4791782]
16.   centroid 14: 
[81.89507    0.9364852]
17.   centroid 15: 
[79.791115    0.54390955]
18.   centroid 16: 
[145.44455      0.46677044]
19.   centroid 17: 
[84.56357    0.8945508]
20.   centroid 18: 
[146.33022     0.9478339]
21.   centroid 19: 
[159.69733    0.969834]
22.   centroid 20: 
[79.47626  1.     ]
23.   centroid 21: 
[78.06299    0.6666673]
24.   centroid 22: 
[89.27896    0.8429538]
25.   centroid 23: 
[121.485596     0.51377445]
26.   centroid 24: 
[148.39632    0.549602]
27.   centroid 25: 
[121.03952     0.6666556]
28.   centroid 26: 
[75.154366    0.58656365]
29.   centroid 27: 
[79.9988     0.8663748]
30.   centroid 28: 
[149.37569     0.8585723]
31.   centroid 29: 
[159.28818   1.     ]
32.   centroid 30: 
[82.24353     0.45610145]
33.   centroid 31: 
[81.91288     0.45980138]
34.   centroid 32: 
[156.69206     0.6666747]
35.   centroid 33: 
[123.768074   0.496724]
36.   centroid 34: 
[72.61968    0.5747717]
37.   centroid 35: 
[78.07952     0.66667193]
38.   centroid 36: 
[90.9629     0.5118072]
39.   centroid 37: 
[75.363235    0.81835544]
40.   centroid 38: 
[150.32007    0.432336]
41.   centroid 39: 
[77.22337     0.50559014]
42.   centroid 40: 
[77.543915   0.5907887]
43.   centroid 41: 
[152.84512     0.5884595]
44.   centroid 42: 
[120.666664     0.44861713]
45.   centroid 43: 
[77.238144  1.      ]
46.   centroid 44: 
[149.46452     0.8749069]
47.   centroid 45: 
[160.46811   1.     ]
48.   centroid 46: 
[157.90555      0.58188313]
49.   centroid 47: 
[91.21895   0.522084]
50.   centroid 48: 
[79.37861    0.4653836]
51.   centroid 49: 
[144.09154      0.46344268]
52.   centroid 50: 
[160.84468     0.8246538]
53.   centroid 51: 
[151.45802      0.66666543]
54.   centroid 52: 
[88.45946     0.82346416]
55.   centroid 53: 
[139.7262       0.50964487]
56.   centroid 54: 
[116.04781      0.44156784]
57.   centroid 55: 
[79.261566   0.5875255]
58.   centroid 56: 
[79.46681    0.4732328]
59.   centroid 57: 
[79.57792    0.8217275]
60.   centroid 58: 
[84.6267      0.85180783]
61.   centroid 59: 
[116.32653     0.3766691]
62.   centroid 60: 
[81.69877     0.60288185]
63.   centroid 61: 
[114.05025      0.48797232]
64.   centroid 62: 
[74.3523     0.8129671]
65.   centroid 63: 
[147.45847      0.52596754]
66.   centroid 64: 
[181.17073      0.85362893]
67.   centroid 65: 
[116.58204      0.99518406]
68.   centroid 66: 
[124.30519     0.8380161]
69.   centroid 67: 
[152.35504     0.5935584]
70.   centroid 68: 
[120.78667      0.89148015]
71.   centroid 69: 
[121.87372      0.99999994]
72.   centroid 70: 
[120.556366     0.47252515]
73.   centroid 71: 
[70.186134   0.5566559]
74.   centroid 72: 
[149.57565      0.88847715]
75.   centroid 73: 
[121.61567     0.5700664]
76.   centroid 74: 
[127.01894      0.60542965]
77.   centroid 75: 
[129.95763      0.56952506]
78.   centroid 76: 
[122.32599     0.9226616]
79.   centroid 77: 
[138.4185       0.82342046]
80.   centroid 78: 
[85.81858    0.5142574]
81.   centroid 79: 
[81.599075   0.6131589]
82.   centroid 80: 
[144.4601      0.5221706]
83.   centroid 81: 
[80.24286    0.8654753]
84.   centroid 82: 
[149.59616      0.45392612]
85.   centroid 83: 
[160.18227      0.84370446]
86.   centroid 84: 
[121.65969     0.6666657]
87.   centroid 85: 
[149.78857     0.5768253]
88.   centroid 86: 
[80.5         0.85806215]
89.   centroid 87: 
[150.48148      0.46879303]
90.   centroid 88: 
[79.9875     0.8465282]
91.   centroid 89: 
[79.72436   0.836539]
92.   centroid 90: 
[114.72789      0.55328804]
93.   centroid 91: 
[79.55862     0.81769574]
94.   centroid 92: 
[114.70921      0.54255325]
95.   centroid 93: 
[127.18382     0.8220998]
96.   centroid 94: 
[149.46512     0.5773901]
97.   centroid 95: 
[114.104836    0.8526722]
98.   centroid 96: 
[75.52101  1.     ]
99.   centroid 97: 
[120.849556    0.8456247]
100.   centroid 98: 
[82.85715    0.8695441]
2026-09-05 00:36:56,888: Discriminant_Analysis_Initialisation[Image: 1_050.pgm, function: DAI]-4:
1. Centroids: 45
2.   centroid 0: 
[4.438962 1.      ]
3.   centroid 1: 
[116.403076   1.      ]
4.   centroid 2: 
[98.70223    0.4750825]
5.   centroid 3: 
[113.57921     0.4388495]
6.   centroid 4: 
[109.17784     0.4945199]
7.   centroid 5: 
[126.47711      0.47677416]
8.   centroid 6: 
[115.96272     0.6666738]
9.   centroid 7: 
[36.71697     0.49209747]
10.   centroid 8: 
[112.549576    0.4920228]
11.   centroid 9: 
[109.857285     0.46515954]
12.   centroid 10: 
[107.30964      0.60980314]
13.   centroid 11: 
[20.548733    0.66666275]
14.   centroid 12: 
[35.188908   0.5208217]
15.   centroid 13: 
[31.70376     0.44586357]
16.   centroid 14: 
[108.27435      0.96157974]
17.   centroid 15: 
[39.255554   0.8659345]
18.   centroid 16: 
[92.380455    0.84823054]
19.   centroid 17: 
[28.571728   0.5175814]
20.   centroid 18: 
[108.57436     0.9012821]
21.   centroid 19: 
[32.67016     0.48996475]
22.   centroid 20: 
[93.43889     0.50575006]
23.   centroid 21: 
[43.854237   0.4688718]
24.   centroid 22: 
[29.693876   0.9620174]
25.   centroid 23: 
[106.88339      0.85247177]
26.   centroid 24: 
[39.476868    0.60982674]
27.   centroid 25: 
[113.881294    0.5926262]
28.   centroid 26: 
[102.64978     0.8849828]
29.   centroid 27: 
[36.010635   0.8518024]
30.   centroid 28: 
[111.950005    0.4175925]
31.   centroid 29: 
[106.25903      0.41937715]
32.   centroid 30: 
[48.882717   0.5072307]
33.   centroid 31: 
[115.70513   1.     ]
34.   centroid 32: 
[112.66438     0.6666661]
35.   centroid 33: 
[107.42069      0.66666615]
36.   centroid 34: 
[21.65        0.42261875]
37.   centroid 35: 
[119.32061      0.86429214]
38.   centroid 36: 
[112.34921      0.88095295]
39.   centroid 37: 
[36.15       0.5805556]
40.   centroid 38: 
[153.36752     0.4830157]
41.   centroid 39: 
[206.37273     0.5505447]
42.   centroid 40: 
[88.59813     0.46152663]
43.   centroid 41: 
[113.4762       0.52063507]
44.   centroid 42: 
[169.4423       0.59748936]
45.   centroid 43: 
[38.881187  0.878988]
46.   centroid 44: 
[91.68687     0.85942763]
2026-09-05 01:03:49,450: Discriminant_Analysis_Initialisation[Image: 1_090.pgm, function: DAI]-5:
1. Centroids: 31
2.   centroid 0: 
[0. 1.]
3.   centroid 1: 
[107.39418     0.5949341]
4.   centroid 2: 
[110.64597      0.68477124]
5.   centroid 3: 
[96.47923    0.5794883]
6.   centroid 4: 
[111.34288      0.87610114]
7.   centroid 5: 
[107.006035    0.8731952]
8.   centroid 6: 
[81.32186    0.5423226]
9.   centroid 7: 
[97.250435    0.87348646]
10.   centroid 8: 
[16.747984    0.46879944]
11.   centroid 9: 
[92.31667     0.58599055]
12.   centroid 10: 
[110.6993     0.495338]
13.   centroid 11: 
[101.97816     0.6855577]
14.   centroid 12: 
[108.75926      0.86889595]
15.   centroid 13: 
[81.58176    0.5330285]
16.   centroid 14: 
[104.41935      0.70091844]
17.   centroid 15: 
[37.5         0.59273475]
18.   centroid 16: 
[103.73158      0.87865454]
19.   centroid 17: 
[96.213486    0.86036247]
20.   centroid 18: 
[100.77528     0.6153867]
21.   centroid 19: 
[37.48718     0.69515646]
22.   centroid 20: 
[59.37419    0.4740473]
23.   centroid 21: 
[113.49334     0.5437037]
24.   centroid 22: 
[115.136696    0.5257794]
25.   centroid 23: 
[112.95555      0.88518584]
26.   centroid 24: 
[100.99231     0.6913672]
27.   centroid 25: 
[39.139343   0.5773224]
28.   centroid 26: 
[103.057846    0.8695132]
29.   centroid 27: 
[94.25       0.5881832]
30.   centroid 28: 
[0. 1.]
31.   centroid 29: 
[36.65934     0.87271035]
32.   centroid 30: 
[85.722885    0.88501203]
2026-09-05 01:13:32,811: Discriminant_Analysis_Initialisation[Image: 1_100.pgm, function: DAI]-13:
1. Centroids: 45
2.   centroid 0: 
[2.07676    0.99999994]
3.   centroid 1: 
[142.93964   1.     ]
4.   centroid 2: 
[120.24835      0.53410405]
5.   centroid 3: 
[105.786446     0.48973036]
6.   centroid 4: 
[38.395363    0.48448163]
7.   centroid 5: 
[134.34518      0.66667444]
8.   centroid 6: 
[124.64057     0.4141436]
9.   centroid 7: 
[132.83801      0.48506814]
10.   centroid 8: 
[128.86111      0.57704705]
11.   centroid 9: 
[31.188866  0.519733]
12.   centroid 10: 
[128.99387     0.5114757]
13.   centroid 11: 
[104.43695      0.85812145]
14.   centroid 12: 
[130.46153     0.5118803]
15.   centroid 13: 
[119.82476     0.8523587]
16.   centroid 14: 
[40.84657     0.86511153]
17.   centroid 15: 
[131.9195      0.9353823]
18.   centroid 16: 
[126.56371      0.94924504]
19.   centroid 17: 
[16.129387    0.66666675]
20.   centroid 18: 
[28.612246    0.55687904]
21.   centroid 19: 
[47.15719     0.43905598]
22.   centroid 20: 
[28.283216   0.4230768]
23.   centroid 21: 
[24.145906   0.5255047]
24.   centroid 22: 
[23.988281  0.530599]
25.   centroid 23: 
[141.22925   1.     ]
26.   centroid 24: 
[37.55061     0.84930134]
27.   centroid 25: 
[107.78695     0.4066182]
28.   centroid 26: 
[135.46788     0.8334548]
29.   centroid 27: 
[125.329994    0.5880274]
30.   centroid 28: 
[128.07071     0.8524126]
31.   centroid 29: 
[30.612566    0.97556716]
32.   centroid 30: 
[138.02223      0.66666573]
33.   centroid 31: 
[29.421965  0.589916]
34.   centroid 32: 
[30.015152    0.43792087]
35.   centroid 33: 
[121.165215    0.4485027]
36.   centroid 34: 
[36.73874    0.8611117]
37.   centroid 35: 
[124.07272    0.873485]
38.   centroid 36: 
[140.84848   1.     ]
39.   centroid 37: 
[205.13542      0.61019355]
40.   centroid 38: 
[24.626375    0.36080614]
41.   centroid 39: 
[32.820225  0.840824]
42.   centroid 40: 
[124.31034      0.40038326]
43.   centroid 41: 
[107.882355     0.48595726]
44.   centroid 42: 
[24.6       0.666667]
45.   centroid 43: 
[17.50685    0.5296804]
46.   centroid 44: 
[120.          0.5285495]
2026-09-05 01:21:53,140: Discriminant_Analysis_Initialisation[Image: 1_050.pgm, function: DAI]-5:
1. Centroids: 45
2.   centroid 0: 
[4.438962 1.      ]
3.   centroid 1: 
[116.403076   1.      ]
4.   centroid 2: 
[98.70223    0.4750825]
5.   centroid 3: 
[113.57921     0.4388495]
6.   centroid 4: 
[109.17784     0.4945199]
7.   centroid 5: 
[126.47711      0.47677416]
8.   centroid 6: 
[115.96272     0.6666738]
9.   centroid 7: 
[36.71697     0.49209747]
10.   centroid 8: 
[112.549576    0.4920228]
11.   centroid 9: 
[109.857285     0.46515954]
12.   centroid 10: 
[107.30964      0.60980314]
13.   centroid 11: 
[20.548733    0.66666275]
14.   centroid 12: 
[35.188908   0.5208217]
15.   centroid 13: 
[31.70376     0.44586357]
16.   centroid 14: 
[108.27435      0.96157974]
17.   centroid 15: 
[39.255554   0.8659345]
18.   centroid 16: 
[92.380455    0.84823054]
19.   centroid 17: 
[28.571728   0.5175814]
20.   centroid 18: 
[108.57436     0.9012821]
21.   centroid 19: 
[32.67016     0.48996475]
22.   centroid 20: 
[93.43889     0.50575006]
23.   centroid 21: 
[43.854237   0.4688718]
24.   centroid 22: 
[29.693876   0.9620174]
25.   centroid 23: 
[106.88339      0.85247177]
26.   centroid 24: 
[39.476868    0.60982674]
27.   centroid 25: 
[113.881294    0.5926262]
28.   centroid 26: 
[102.64978     0.8849828]
29.   centroid 27: 
[36.010635   0.8518024]
30.   centroid 28: 
[111.950005    0.4175925]
31.   centroid 29: 
[106.25903      0.41937715]
32.   centroid 30: 
[48.882717   0.5072307]
33.   centroid 31: 
[115.70513   1.     ]
34.   centroid 32: 
[112.66438     0.6666661]
35.   centroid 33: 
[107.42069      0.66666615]
36.   centroid 34: 
[21.65        0.42261875]
37.   centroid 35: 
[119.32061      0.86429214]
38.   centroid 36: 
[112.34921      0.88095295]
39.   centroid 37: 
[36.15       0.5805556]
40.   centroid 38: 
[153.36752     0.4830157]
41.   centroid 39: 
[206.37273     0.5505447]
42.   centroid 40: 
[88.59813     0.46152663]
43.   centroid 41: 
[113.4762       0.52063507]
44.   centroid 42: 
[169.4423       0.59748936]
45.   centroid 43: 
[38.881187  0.878988]
46.   centroid 44: 
[91.68687     0.85942763]
2026-09-05 01:24:26,060: Discriminant_Analysis_Initialisation[Image: 1_050.pgm, function: DAI]-6:
1. Centroids: 45
2.   centroid 0: 
[4.438962 1.      ]
3.   centroid 1: 
[116.403076   1.      ]
4.   centroid 2: 
[98.70223    0.4750825]
5.   centroid 3: 
[113.57921     0.4388495]
6.   centroid 4: 
[109.17784     0.4945199]
7.   centroid 5: 
[126.47711      0.47677416]
8.   centroid 6: 
[115.96272     0.6666738]
9.   centroid 7: 
[36.71697     0.49209747]
10.   centroid 8: 
[112.549576    0.4920228]
11.   centroid 9: 
[109.857285     0.46515954]
12.   centroid 10: 
[107.30964      0.60980314]
13.   centroid 11: 
[20.548733    0.66666275]
14.   centroid 12: 
[35.188908   0.5208217]
15.   centroid 13: 
[31.70376     0.44586357]
16.   centroid 14: 
[108.27435      0.96157974]
17.   centroid 15: 
[39.255554   0.8659345]
18.   centroid 16: 
[92.380455    0.84823054]
19.   centroid 17: 
[28.571728   0.5175814]
20.   centroid 18: 
[108.57436     0.9012821]
21.   centroid 19: 
[32.67016     0.48996475]
22.   centroid 20: 
[93.43889     0.50575006]
23.   centroid 21: 
[43.854237   0.4688718]
24.   centroid 22: 
[29.693876   0.9620174]
25.   centroid 23: 
[106.88339      0.85247177]
26.   centroid 24: 
[39.476868    0.60982674]
27.   centroid 25: 
[113.881294    0.5926262]
28.   centroid 26: 
[102.64978     0.8849828]
29.   centroid 27: 
[36.010635   0.8518024]
30.   centroid 28: 
[111.950005    0.4175925]
31.   centroid 29: 
[106.25903      0.41937715]
32.   centroid 30: 
[48.882717   0.5072307]
33.   centroid 31: 
[115.70513   1.     ]
34.   centroid 32: 
[112.66438     0.6666661]
35.   centroid 33: 
[107.42069      0.66666615]
36.   centroid 34: 
[21.65        0.42261875]
37.   centroid 35: 
[119.32061      0.86429214]
38.   centroid 36: 
[112.34921      0.88095295]
39.   centroid 37: 
[36.15       0.5805556]
40.   centroid 38: 
[153.36752     0.4830157]
41.   centroid 39: 
[206.37273     0.5505447]
42.   centroid 40: 
[88.59813     0.46152663]
43.   centroid 41: 
[113.4762       0.52063507]
44.   centroid 42: 
[169.4423       0.59748936]
45.   centroid 43: 
[38.881187  0.878988]
46.   centroid 44: 
[91.68687     0.85942763]
2026-09-05 01:25:10,807: Discriminant_Analysis_Initialisation[Image: 1_100.pgm, function: DAI]-14:
1. Centroids: 45
2.   centroid 0: 
[2.07676    0.99999994]
3.   centroid 1: 
[142.93964   1.     ]
4.   centroid 2: 
[120.24835      0.53410405]
5.   centroid 3: 
[105.786446     0.48973036]
6.   centroid 4: 
[38.395363    0.48448163]
7.   centroid 5: 
[134.34518      0.66667444]
8.   centroid 6: 
[124.64057     0.4141436]
9.   centroid 7: 
[132.83801      0.48506814]
10.   centroid 8: 
[128.86111      0.57704705]
11.   centroid 9: 
[31.188866  0.519733]
12.   centroid 10: 
[128.99387     0.5114757]
13.   centroid 11: 
[104.43695      0.85812145]
14.   centroid 12: 
[130.46153     0.5118803]
15.   centroid 13: 
[119.82476     0.8523587]
16.   centroid 14: 
[40.84657     0.86511153]
17.   centroid 15: 
[131.9195      0.9353823]
18.   centroid 16: 
[126.56371      0.94924504]
19.   centroid 17: 
[16.129387    0.66666675]
20.   centroid 18: 
[28.612246    0.55687904]
21.   centroid 19: 
[47.15719     0.43905598]
22.   centroid 20: 
[28.283216   0.4230768]
23.   centroid 21: 
[24.145906   0.5255047]
24.   centroid 22: 
[23.988281  0.530599]
25.   centroid 23: 
[141.22925   1.     ]
26.   centroid 24: 
[37.55061     0.84930134]
27.   centroid 25: 
[107.78695     0.4066182]
28.   centroid 26: 
[135.46788     0.8334548]
29.   centroid 27: 
[125.329994    0.5880274]
30.   centroid 28: 
[128.07071     0.8524126]
31.   centroid 29: 
[30.612566    0.97556716]
32.   centroid 30: 
[138.02223      0.66666573]
33.   centroid 31: 
[29.421965  0.589916]
34.   centroid 32: 
[30.015152    0.43792087]
35.   centroid 33: 
[121.165215    0.4485027]
36.   centroid 34: 
[36.73874    0.8611117]
37.   centroid 35: 
[124.07272    0.873485]
38.   centroid 36: 
[140.84848   1.     ]
39.   centroid 37: 
[205.13542      0.61019355]
40.   centroid 38: 
[24.626375    0.36080614]
41.   centroid 39: 
[32.820225  0.840824]
42.   centroid 40: 
[124.31034      0.40038326]
43.   centroid 41: 
[107.882355     0.48595726]
44.   centroid 42: 
[24.6       0.666667]
45.   centroid 43: 
[17.50685    0.5296804]
46.   centroid 44: 
[120.          0.5285495]
2026-09-05 01:26:03,394: Discriminant_Analysis_Initialisation[Image: hiya.pgm, function: DAI]-2:
1. Centroids: 99
2.   centroid 0: 
[163.37192   1.     ]
3.   centroid 1: 
[79.866714  1.      ]
4.   centroid 2: 
[81.19059     0.38343573]
5.   centroid 3: 
[79.94468     0.50918096]
6.   centroid 4: 
[159.17         0.37595755]
7.   centroid 5: 
[80.00426    0.6664533]
8.   centroid 6: 
[85.018875    0.44686428]
9.   centroid 7: 
[157.63232      0.50154704]
10.   centroid 8: 
[152.21579      0.99661386]
11.   centroid 9: 
[159.66623      0.66668487]
12.   centroid 10: 
[120.48956      0.99999994]
13.   centroid 11: 
[81.12476    0.9808287]
14.   centroid 12: 
[143.13037      0.43679473]
15.   centroid 13: 
[88.23688    0.4791782]
16.   centroid 14: 
[81.89507    0.9364852]
17.   centroid 15: 
[79.791115    0.54390955]
18.   centroid 16: 
[145.44455      0.46677044]
19.   centroid 17: 
[84.56357    0.8945508]
20.   centroid 18: 
[146.33022     0.9478339]
21.   centroid 19: 
[159.69733    0.969834]
22.   centroid 20: 
[79.47626  1.     ]
23.   centroid 21: 
[78.06299    0.6666673]
24.   centroid 22: 
[89.27896    0.8429538]
25.   centroid 23: 
[121.485596     0.51377445]
26.   centroid 24: 
[148.39632    0.549602]
27.   centroid 25: 
[121.03952     0.6666556]
28.   centroid 26: 
[75.154366    0.58656365]
29.   centroid 27: 
[79.9988     0.8663748]
30.   centroid 28: 
[149.37569     0.8585723]
31.   centroid 29: 
[159.28818   1.     ]
32.   centroid 30: 
[82.24353     0.45610145]
33.   centroid 31: 
[81.91288     0.45980138]
34.   centroid 32: 
[156.69206     0.6666747]
35.   centroid 33: 
[123.768074   0.496724]
36.   centroid 34: 
[72.61968    0.5747717]
37.   centroid 35: 
[78.07952     0.66667193]
38.   centroid 36: 
[90.9629     0.5118072]
39.   centroid 37: 
[75.363235    0.81835544]
40.   centroid 38: 
[150.32007    0.432336]
41.   centroid 39: 
[77.22337     0.50559014]
42.   centroid 40: 
[77.543915   0.5907887]
43.   centroid 41: 
[152.84512     0.5884595]
44.   centroid 42: 
[120.666664     0.44861713]
45.   centroid 43: 
[77.238144  1.      ]
46.   centroid 44: 
[149.46452     0.8749069]
47.   centroid 45: 
[160.46811   1.     ]
48.   centroid 46: 
[157.90555      0.58188313]
49.   centroid 47: 
[91.21895   0.522084]
50.   centroid 48: 
[79.37861    0.4653836]
51.   centroid 49: 
[144.09154      0.46344268]
52.   centroid 50: 
[160.84468     0.8246538]
53.   centroid 51: 
[151.45802      0.66666543]
54.   centroid 52: 
[88.45946     0.82346416]
55.   centroid 53: 
[139.7262       0.50964487]
56.   centroid 54: 
[116.04781      0.44156784]
57.   centroid 55: 
[79.261566   0.5875255]
58.   centroid 56: 
[79.46681    0.4732328]
59.   centroid 57: 
[79.57792    0.8217275]
60.   centroid 58: 
[84.6267      0.85180783]
61.   centroid 59: 
[116.32653     0.3766691]
62.   centroid 60: 
[81.69877     0.60288185]
63.   centroid 61: 
[114.05025      0.48797232]
64.   centroid 62: 
[74.3523     0.8129671]
65.   centroid 63: 
[147.45847      0.52596754]
66.   centroid 64: 
[181.17073      0.85362893]
67.   centroid 65: 
[116.58204      0.99518406]
68.   centroid 66: 
[124.30519     0.8380161]
69.   centroid 67: 
[152.35504     0.5935584]
70.   centroid 68: 
[120.78667      0.89148015]
71.   centroid 69: 
[121.87372      0.99999994]
72.   centroid 70: 
[120.556366     0.47252515]
73.   centroid 71: 
[70.186134   0.5566559]
74.   centroid 72: 
[149.57565      0.88847715]
75.   centroid 73: 
[121.61567     0.5700664]
76.   centroid 74: 
[127.01894      0.60542965]
77.   centroid 75: 
[129.95763      0.56952506]
78.   centroid 76: 
[122.32599     0.9226616]
79.   centroid 77: 
[138.4185       0.82342046]
80.   centroid 78: 
[85.81858    0.5142574]
81.   centroid 79: 
[81.599075   0.6131589]
82.   centroid 80: 
[144.4601      0.5221706]
83.   centroid 81: 
[80.24286    0.8654753]
84.   centroid 82: 
[149.59616      0.45392612]
85.   centroid 83: 
[160.18227      0.84370446]
86.   centroid 84: 
[121.65969     0.6666657]
87.   centroid 85: 
[149.78857     0.5768253]
88.   centroid 86: 
[80.5         0.85806215]
89.   centroid 87: 
[150.48148      0.46879303]
90.   centroid 88: 
[79.9875     0.8465282]
91.   centroid 89: 
[79.72436   0.836539]
92.   centroid 90: 
[114.72789      0.55328804]
93.   centroid 91: 
[79.55862     0.81769574]
94.   centroid 92: 
[114.70921      0.54255325]
95.   centroid 93: 
[127.18382     0.8220998]
96.   centroid 94: 
[149.46512     0.5773901]
97.   centroid 95: 
[114.104836    0.8526722]
98.   centroid 96: 
[75.52101  1.     ]
99.   centroid 97: 
[120.849556    0.8456247]
100.   centroid 98: 
[82.85715    0.8695441]
2026-09-05 01:28:03,905: Discriminant_Analysis_Initialisation[Image: hiya.pgm, function: DAI]-3:
1. Centroids: 99
2.   centroid 0: 
[163.37192   1.     ]
3.   centroid 1: 
[79.866714  1.      ]
4.   centroid 2: 
[81.19059     0.38343573]
5.   centroid 3: 
[79.94468     0.50918096]
6.   centroid 4: 
[159.17         0.37595755]
7.   centroid 5: 
[80.00426    0.6664533]
8.   centroid 6: 
[85.018875    0.44686428]
9.   centroid 7: 
[157.63232      0.50154704]
10.   centroid 8: 
[152.21579      0.99661386]
11.   centroid 9: 
[159.66623      0.66668487]
12.   centroid 10: 
[120.48956      0.99999994]
13.   centroid 11: 
[81.12476    0.9808287]
14.   centroid 12: 
[143.13037      0.43679473]
15.   centroid 13: 
[88.23688    0.4791782]
16.   centroid 14: 
[81.89507    0.9364852]
17.   centroid 15: 
[79.791115    0.54390955]
18.   centroid 16: 
[145.44455      0.46677044]
19.   centroid 17: 
[84.56357    0.8945508]
20.   centroid 18: 
[146.33022     0.9478339]
21.   centroid 19: 
[159.69733    0.969834]
22.   centroid 20: 
[79.47626  1.     ]
23.   centroid 21: 
[78.06299    0.6666673]
24.   centroid 22: 
[89.27896    0.8429538]
25.   centroid 23: 
[121.485596     0.51377445]
26.   centroid 24: 
[148.39632    0.549602]
27.   centroid 25: 
[121.03952     0.6666556]
28.   centroid 26: 
[75.154366    0.58656365]
29.   centroid 27: 
[79.9988     0.8663748]
30.   centroid 28: 
[149.37569     0.8585723]
31.   centroid 29: 
[159.28818   1.     ]
32.   centroid 30: 
[82.24353     0.45610145]
33.   centroid 31: 
[81.91288     0.45980138]
34.   centroid 32: 
[156.69206     0.6666747]
35.   centroid 33: 
[123.768074   0.496724]
36.   centroid 34: 
[72.61968    0.5747717]
37.   centroid 35: 
[78.07952     0.66667193]
38.   centroid 36: 
[90.9629     0.5118072]
39.   centroid 37: 
[75.363235    0.81835544]
40.   centroid 38: 
[150.32007    0.432336]
41.   centroid 39: 
[77.22337     0.50559014]
42.   centroid 40: 
[77.543915   0.5907887]
43.   centroid 41: 
[152.84512     0.5884595]
44.   centroid 42: 
[120.666664     0.44861713]
45.   centroid 43: 
[77.238144  1.      ]
46.   centroid 44: 
[149.46452     0.8749069]
47.   centroid 45: 
[160.46811   1.     ]
48.   centroid 46: 
[157.90555      0.58188313]
49.   centroid 47: 
[91.21895   0.522084]
50.   centroid 48: 
[79.37861    0.4653836]
51.   centroid 49: 
[144.09154      0.46344268]
52.   centroid 50: 
[160.84468     0.8246538]
53.   centroid 51: 
[151.45802      0.66666543]
54.   centroid 52: 
[88.45946     0.82346416]
55.   centroid 53: 
[139.7262       0.50964487]
56.   centroid 54: 
[116.04781      0.44156784]
57.   centroid 55: 
[79.261566   0.5875255]
58.   centroid 56: 
[79.46681    0.4732328]
59.   centroid 57: 
[79.57792    0.8217275]
60.   centroid 58: 
[84.6267      0.85180783]
61.   centroid 59: 
[116.32653     0.3766691]
62.   centroid 60: 
[81.69877     0.60288185]
63.   centroid 61: 
[114.05025      0.48797232]
64.   centroid 62: 
[74.3523     0.8129671]
65.   centroid 63: 
[147.45847      0.52596754]
66.   centroid 64: 
[181.17073      0.85362893]
67.   centroid 65: 
[116.58204      0.99518406]
68.   centroid 66: 
[124.30519     0.8380161]
69.   centroid 67: 
[152.35504     0.5935584]
70.   centroid 68: 
[120.78667      0.89148015]
71.   centroid 69: 
[121.87372      0.99999994]
72.   centroid 70: 
[120.556366     0.47252515]
73.   centroid 71: 
[70.186134   0.5566559]
74.   centroid 72: 
[149.57565      0.88847715]
75.   centroid 73: 
[121.61567     0.5700664]
76.   centroid 74: 
[127.01894      0.60542965]
77.   centroid 75: 
[129.95763      0.56952506]
78.   centroid 76: 
[122.32599     0.9226616]
79.   centroid 77: 
[138.4185       0.82342046]
80.   centroid 78: 
[85.81858    0.5142574]
81.   centroid 79: 
[81.599075   0.6131589]
82.   centroid 80: 
[144.4601      0.5221706]
83.   centroid 81: 
[80.24286    0.8654753]
84.   centroid 82: 
[149.59616      0.45392612]
85.   centroid 83: 
[160.18227      0.84370446]
86.   centroid 84: 
[121.65969     0.6666657]
87.   centroid 85: 
[149.78857     0.5768253]
88.   centroid 86: 
[80.5         0.85806215]
89.   centroid 87: 
[150.48148      0.46879303]
90.   centroid 88: 
[79.9875     0.8465282]
91.   centroid 89: 
[79.72436   0.836539]
92.   centroid 90: 
[114.72789      0.55328804]
93.   centroid 91: 
[79.55862     0.81769574]
94.   centroid 92: 
[114.70921      0.54255325]
95.   centroid 93: 
[127.18382     0.8220998]
96.   centroid 94: 
[149.46512     0.5773901]
97.   centroid 95: 
[114.104836    0.8526722]
98.   centroid 96: 
[75.52101  1.     ]
99.   centroid 97: 
[120.849556    0.8456247]
100.   centroid 98: 
[82.85715    0.8695441]
2026-09-05 01:36:12,610: Discriminant_Analysis_Initialisation[Image: hiya.pgm, function: DAI]-4:
1. Centroids: 99
2.   centroid 0: 
[163.37192   1.     ]
3.   centroid 1: 
[79.866714  1.      ]
4.   centroid 2: 
[81.19059     0.38343573]
5.   centroid 3: 
[79.94468     0.50918096]
6.   centroid 4: 
[159.17         0.37595755]
7.   centroid 5: 
[80.00426    0.6664533]
8.   centroid 6: 
[85.018875    0.44686428]
9.   centroid 7: 
[157.63232      0.50154704]
10.   centroid 8: 
[152.21579      0.99661386]
11.   centroid 9: 
[159.66623      0.66668487]
12.   centroid 10: 
[120.48956      0.99999994]
13.   centroid 11: 
[81.12476    0.9808287]
14.   centroid 12: 
[143.13037      0.43679473]
15.   centroid 13: 
[88.23688    0.4791782]
16.   centroid 14: 
[81.89507    0.9364852]
17.   centroid 15: 
[79.791115    0.54390955]
18.   centroid 16: 
[145.44455      0.46677044]
19.   centroid 17: 
[84.56357    0.8945508]
20.   centroid 18: 
[146.33022     0.9478339]
21.   centroid 19: 
[159.69733    0.969834]
22.   centroid 20: 
[79.47626  1.     ]
23.   centroid 21: 
[78.06299    0.6666673]
24.   centroid 22: 
[89.27896    0.8429538]
25.   centroid 23: 
[121.485596     0.51377445]
26.   centroid 24: 
[148.39632    0.549602]
27.   centroid 25: 
[121.03952     0.6666556]
28.   centroid 26: 
[75.154366    0.58656365]
29.   centroid 27: 
[79.9988     0.8663748]
30.   centroid 28: 
[149.37569     0.8585723]
31.   centroid 29: 
[159.28818   1.     ]
32.   centroid 30: 
[82.24353     0.45610145]
33.   centroid 31: 
[81.91288     0.45980138]
34.   centroid 32: 
[156.69206     0.6666747]
35.   centroid 33: 
[123.768074   0.496724]
36.   centroid 34: 
[72.61968    0.5747717]
37.   centroid 35: 
[78.07952     0.66667193]
38.   centroid 36: 
[90.9629     0.5118072]
39.   centroid 37: 
[75.363235    0.81835544]
40.   centroid 38: 
[150.32007    0.432336]
41.   centroid 39: 
[77.22337     0.50559014]
42.   centroid 40: 
[77.543915   0.5907887]
43.   centroid 41: 
[152.84512     0.5884595]
44.   centroid 42: 
[120.666664     0.44861713]
45.   centroid 43: 
[77.238144  1.      ]
46.   centroid 44: 
[149.46452     0.8749069]
47.   centroid 45: 
[160.46811   1.     ]
48.   centroid 46: 
[157.90555      0.58188313]
49.   centroid 47: 
[91.21895   0.522084]
50.   centroid 48: 
[79.37861    0.4653836]
51.   centroid 49: 
[144.09154      0.46344268]
52.   centroid 50: 
[160.84468     0.8246538]
53.   centroid 51: 
[151.45802      0.66666543]
54.   centroid 52: 
[88.45946     0.82346416]
55.   centroid 53: 
[139.7262       0.50964487]
56.   centroid 54: 
[116.04781      0.44156784]
57.   centroid 55: 
[79.261566   0.5875255]
58.   centroid 56: 
[79.46681    0.4732328]
59.   centroid 57: 
[79.57792    0.8217275]
60.   centroid 58: 
[84.6267      0.85180783]
61.   centroid 59: 
[116.32653     0.3766691]
62.   centroid 60: 
[81.69877     0.60288185]
63.   centroid 61: 
[114.05025      0.48797232]
64.   centroid 62: 
[74.3523     0.8129671]
65.   centroid 63: 
[147.45847      0.52596754]
66.   centroid 64: 
[181.17073      0.85362893]
67.   centroid 65: 
[116.58204      0.99518406]
68.   centroid 66: 
[124.30519     0.8380161]
69.   centroid 67: 
[152.35504     0.5935584]
70.   centroid 68: 
[120.78667      0.89148015]
71.   centroid 69: 
[121.87372      0.99999994]
72.   centroid 70: 
[120.556366     0.47252515]
73.   centroid 71: 
[70.186134   0.5566559]
74.   centroid 72: 
[149.57565      0.88847715]
75.   centroid 73: 
[121.61567     0.5700664]
76.   centroid 74: 
[127.01894      0.60542965]
77.   centroid 75: 
[129.95763      0.56952506]
78.   centroid 76: 
[122.32599     0.9226616]
79.   centroid 77: 
[138.4185       0.82342046]
80.   centroid 78: 
[85.81858    0.5142574]
81.   centroid 79: 
[81.599075   0.6131589]
82.   centroid 80: 
[144.4601      0.5221706]
83.   centroid 81: 
[80.24286    0.8654753]
84.   centroid 82: 
[149.59616      0.45392612]
85.   centroid 83: 
[160.18227      0.84370446]
86.   centroid 84: 
[121.65969     0.6666657]
87.   centroid 85: 
[149.78857     0.5768253]
88.   centroid 86: 
[80.5         0.85806215]
89.   centroid 87: 
[150.48148      0.46879303]
90.   centroid 88: 
[79.9875     0.8465282]
91.   centroid 89: 
[79.72436   0.836539]
92.   centroid 90: 
[114.72789      0.55328804]
93.   centroid 91: 
[79.55862     0.81769574]
94.   centroid 92: 
[114.70921      0.54255325]
95.   centroid 93: 
[127.18382     0.8220998]
96.   centroid 94: 
[149.46512     0.5773901]
97.   centroid 95: 
[114.104836    0.8526722]
98.   centroid 96: 
[75.52101  1.     ]
99.   centroid 97: 
[120.849556    0.8456247]
100.   centroid 98: 
[82.85715    0.8695441]
2026-09-05 01:39:57,865: Discriminant_Analysis_Initialisation[Image: 1_100.pgm, function: DAI]-15:
1. Centroids: 45
2.   centroid 0: 
[2.07676    0.99999994]
3.   centroid 1: 
[142.93964   1.     ]
4.   centroid 2: 
[120.24835      0.53410405]
5.   centroid 3: 
[105.786446     0.48973036]
6.   centroid 4: 
[38.395363    0.48448163]
7.   centroid 5: 
[134.34518      0.66667444]
8.   centroid 6: 
[124.64057     0.4141436]
9.   centroid 7: 
[132.83801      0.48506814]
10.   centroid 8: 
[128.86111      0.57704705]
11.   centroid 9: 
[31.188866  0.519733]
12.   centroid 10: 
[128.99387     0.5114757]
13.   centroid 11: 
[104.43695      0.85812145]
14.   centroid 12: 
[130.46153     0.5118803]
15.   centroid 13: 
[119.82476     0.8523587]
16.   centroid 14: 
[40.84657     0.86511153]
17.   centroid 15: 
[131.9195      0.9353823]
18.   centroid 16: 
[126.56371      0.94924504]
19.   centroid 17: 
[16.129387    0.66666675]
20.   centroid 18: 
[28.612246    0.55687904]
21.   centroid 19: 
[47.15719     0.43905598]
22.   centroid 20: 
[28.283216   0.4230768]
23.   centroid 21: 
[24.145906   0.5255047]
24.   centroid 22: 
[23.988281  0.530599]
25.   centroid 23: 
[141.22925   1.     ]
26.   centroid 24: 
[37.55061     0.84930134]
27.   centroid 25: 
[107.78695     0.4066182]
28.   centroid 26: 
[135.46788     0.8334548]
29.   centroid 27: 
[125.329994    0.5880274]
30.   centroid 28: 
[128.07071     0.8524126]
31.   centroid 29: 
[30.612566    0.97556716]
32.   centroid 30: 
[138.02223      0.66666573]
33.   centroid 31: 
[29.421965  0.589916]
34.   centroid 32: 
[30.015152    0.43792087]
35.   centroid 33: 
[121.165215    0.4485027]
36.   centroid 34: 
[36.73874    0.8611117]
37.   centroid 35: 
[124.07272    0.873485]
38.   centroid 36: 
[140.84848   1.     ]
39.   centroid 37: 
[205.13542      0.61019355]
40.   centroid 38: 
[24.626375    0.36080614]
41.   centroid 39: 
[32.820225  0.840824]
42.   centroid 40: 
[124.31034      0.40038326]
43.   centroid 41: 
[107.882355     0.48595726]
44.   centroid 42: 
[24.6       0.666667]
45.   centroid 43: 
[17.50685    0.5296804]
46.   centroid 44: 
[120.          0.5285495]
2026-09-05 01:40:25,334: Discriminant_Analysis_Initialisation[Image: 1_100.pgm, function: DAI]-16:
1. Centroids: 45
2.   centroid 0: 
[2.07676    0.99999994]
3.   centroid 1: 
[142.93964   1.     ]
4.   centroid 2: 
[120.24835      0.53410405]
5.   centroid 3: 
[105.786446     0.48973036]
6.   centroid 4: 
[38.395363    0.48448163]
7.   centroid 5: 
[134.34518      0.66667444]
8.   centroid 6: 
[124.64057     0.4141436]
9.   centroid 7: 
[132.83801      0.48506814]
10.   centroid 8: 
[128.86111      0.57704705]
11.   centroid 9: 
[31.188866  0.519733]
12.   centroid 10: 
[128.99387     0.5114757]
13.   centroid 11: 
[104.43695      0.85812145]
14.   centroid 12: 
[130.46153     0.5118803]
15.   centroid 13: 
[119.82476     0.8523587]
16.   centroid 14: 
[40.84657     0.86511153]
17.   centroid 15: 
[131.9195      0.9353823]
18.   centroid 16: 
[126.56371      0.94924504]
19.   centroid 17: 
[16.129387    0.66666675]
20.   centroid 18: 
[28.612246    0.55687904]
21.   centroid 19: 
[47.15719     0.43905598]
22.   centroid 20: 
[28.283216   0.4230768]
23.   centroid 21: 
[24.145906   0.5255047]
24.   centroid 22: 
[23.988281  0.530599]
25.   centroid 23: 
[141.22925   1.     ]
26.   centroid 24: 
[37.55061     0.84930134]
27.   centroid 25: 
[107.78695     0.4066182]
28.   centroid 26: 
[135.46788     0.8334548]
29.   centroid 27: 
[125.329994    0.5880274]
30.   centroid 28: 
[128.07071     0.8524126]
31.   centroid 29: 
[30.612566    0.97556716]
32.   centroid 30: 
[138.02223      0.66666573]
33.   centroid 31: 
[29.421965  0.589916]
34.   centroid 32: 
[30.015152    0.43792087]
35.   centroid 33: 
[121.165215    0.4485027]
36.   centroid 34: 
[36.73874    0.8611117]
37.   centroid 35: 
[124.07272    0.873485]
38.   centroid 36: 
[140.84848   1.     ]
39.   centroid 37: 
[205.13542      0.61019355]
40.   centroid 38: 
[24.626375    0.36080614]
41.   centroid 39: 
[32.820225  0.840824]
42.   centroid 40: 
[124.31034      0.40038326]
43.   centroid 41: 
[107.882355     0.48595726]
44.   centroid 42: 
[24.6       0.666667]
45.   centroid 43: 
[17.50685    0.5296804]
46.   centroid 44: 
[120.          0.5285495]
2026-09-05 01:42:16,286: Discriminant_Analysis_Initialisation[Image: hiya.pgm, function: DAI]-5:
1. Centroids: 99
2.   centroid 0: 
[163.37192   1.     ]
3.   centroid 1: 
[79.866714  1.      ]
4.   centroid 2: 
[81.19059     0.38343573]
5.   centroid 3: 
[79.94468     0.50918096]
6.   centroid 4: 
[159.17         0.37595755]
7.   centroid 5: 
[80.00426    0.6664533]
8.   centroid 6: 
[85.018875    0.44686428]
9.   centroid 7: 
[157.63232      0.50154704]
10.   centroid 8: 
[152.21579      0.99661386]
11.   centroid 9: 
[159.66623      0.66668487]
12.   centroid 10: 
[120.48956      0.99999994]
13.   centroid 11: 
[81.12476    0.9808287]
14.   centroid 12: 
[143.13037      0.43679473]
15.   centroid 13: 
[88.23688    0.4791782]
16.   centroid 14: 
[81.89507    0.9364852]
17.   centroid 15: 
[79.791115    0.54390955]
18.   centroid 16: 
[145.44455      0.46677044]
19.   centroid 17: 
[84.56357    0.8945508]
20.   centroid 18: 
[146.33022     0.9478339]
21.   centroid 19: 
[159.69733    0.969834]
22.   centroid 20: 
[79.47626  1.     ]
23.   centroid 21: 
[78.06299    0.6666673]
24.   centroid 22: 
[89.27896    0.8429538]
25.   centroid 23: 
[121.485596     0.51377445]
26.   centroid 24: 
[148.39632    0.549602]
27.   centroid 25: 
[121.03952     0.6666556]
28.   centroid 26: 
[75.154366    0.58656365]
29.   centroid 27: 
[79.9988     0.8663748]
30.   centroid 28: 
[149.37569     0.8585723]
31.   centroid 29: 
[159.28818   1.     ]
32.   centroid 30: 
[82.24353     0.45610145]
33.   centroid 31: 
[81.91288     0.45980138]
34.   centroid 32: 
[156.69206     0.6666747]
35.   centroid 33: 
[123.768074   0.496724]
36.   centroid 34: 
[72.61968    0.5747717]
37.   centroid 35: 
[78.07952     0.66667193]
38.   centroid 36: 
[90.9629     0.5118072]
39.   centroid 37: 
[75.363235    0.81835544]
40.   centroid 38: 
[150.32007    0.432336]
41.   centroid 39: 
[77.22337     0.50559014]
42.   centroid 40: 
[77.543915   0.5907887]
43.   centroid 41: 
[152.84512     0.5884595]
44.   centroid 42: 
[120.666664     0.44861713]
45.   centroid 43: 
[77.238144  1.      ]
46.   centroid 44: 
[149.46452     0.8749069]
47.   centroid 45: 
[160.46811   1.     ]
48.   centroid 46: 
[157.90555      0.58188313]
49.   centroid 47: 
[91.21895   0.522084]
50.   centroid 48: 
[79.37861    0.4653836]
51.   centroid 49: 
[144.09154      0.46344268]
52.   centroid 50: 
[160.84468     0.8246538]
53.   centroid 51: 
[151.45802      0.66666543]
54.   centroid 52: 
[88.45946     0.82346416]
55.   centroid 53: 
[139.7262       0.50964487]
56.   centroid 54: 
[116.04781      0.44156784]
57.   centroid 55: 
[79.261566   0.5875255]
58.   centroid 56: 
[79.46681    0.4732328]
59.   centroid 57: 
[79.57792    0.8217275]
60.   centroid 58: 
[84.6267      0.85180783]
61.   centroid 59: 
[116.32653     0.3766691]
62.   centroid 60: 
[81.69877     0.60288185]
63.   centroid 61: 
[114.05025      0.48797232]
64.   centroid 62: 
[74.3523     0.8129671]
65.   centroid 63: 
[147.45847      0.52596754]
66.   centroid 64: 
[181.17073      0.85362893]
67.   centroid 65: 
[116.58204      0.99518406]
68.   centroid 66: 
[124.30519     0.8380161]
69.   centroid 67: 
[152.35504     0.5935584]
70.   centroid 68: 
[120.78667      0.89148015]
71.   centroid 69: 
[121.87372      0.99999994]
72.   centroid 70: 
[120.556366     0.47252515]
73.   centroid 71: 
[70.186134   0.5566559]
74.   centroid 72: 
[149.57565      0.88847715]
75.   centroid 73: 
[121.61567     0.5700664]
76.   centroid 74: 
[127.01894      0.60542965]
77.   centroid 75: 
[129.95763      0.56952506]
78.   centroid 76: 
[122.32599     0.9226616]
79.   centroid 77: 
[138.4185       0.82342046]
80.   centroid 78: 
[85.81858    0.5142574]
81.   centroid 79: 
[81.599075   0.6131589]
82.   centroid 80: 
[144.4601      0.5221706]
83.   centroid 81: 
[80.24286    0.8654753]
84.   centroid 82: 
[149.59616      0.45392612]
85.   centroid 83: 
[160.18227      0.84370446]
86.   centroid 84: 
[121.65969     0.6666657]
87.   centroid 85: 
[149.78857     0.5768253]
88.   centroid 86: 
[80.5         0.85806215]
89.   centroid 87: 
[150.48148      0.46879303]
90.   centroid 88: 
[79.9875     0.8465282]
91.   centroid 89: 
[79.72436   0.836539]
92.   centroid 90: 
[114.72789      0.55328804]
93.   centroid 91: 
[79.55862     0.81769574]
94.   centroid 92: 
[114.70921      0.54255325]
95.   centroid 93: 
[127.18382     0.8220998]
96.   centroid 94: 
[149.46512     0.5773901]
97.   centroid 95: 
[114.104836    0.8526722]
98.   centroid 96: 
[75.52101  1.     ]
99.   centroid 97: 
[120.849556    0.8456247]
100.   centroid 98: 
[82.85715    0.8695441]
2026-09-05 02:01:22,798: Discriminant_Analysis_Initialisation[Image: 1_100.pgm, function: DAI]-17:
1. Centroids: 45
2.   centroid 0: 
[2.07676    0.99999994]
3.   centroid 1: 
[142.93964   1.     ]
4.   centroid 2: 
[120.24835      0.53410405]
5.   centroid 3: 
[105.786446     0.48973036]
6.   centroid 4: 
[38.395363    0.48448163]
7.   centroid 5: 
[134.34518      0.66667444]
8.   centroid 6: 
[124.64057     0.4141436]
9.   centroid 7: 
[132.83801      0.48506814]
10.   centroid 8: 
[128.86111      0.57704705]
11.   centroid 9: 
[31.188866  0.519733]
12.   centroid 10: 
[128.99387     0.5114757]
13.   centroid 11: 
[104.43695      0.85812145]
14.   centroid 12: 
[130.46153     0.5118803]
15.   centroid 13: 
[119.82476     0.8523587]
16.   centroid 14: 
[40.84657     0.86511153]
17.   centroid 15: 
[131.9195      0.9353823]
18.   centroid 16: 
[126.56371      0.94924504]
19.   centroid 17: 
[16.129387    0.66666675]
20.   centroid 18: 
[28.612246    0.55687904]
21.   centroid 19: 
[47.15719     0.43905598]
22.   centroid 20: 
[28.283216   0.4230768]
23.   centroid 21: 
[24.145906   0.5255047]
24.   centroid 22: 
[23.988281  0.530599]
25.   centroid 23: 
[141.22925   1.     ]
26.   centroid 24: 
[37.55061     0.84930134]
27.   centroid 25: 
[107.78695     0.4066182]
28.   centroid 26: 
[135.46788     0.8334548]
29.   centroid 27: 
[125.329994    0.5880274]
30.   centroid 28: 
[128.07071     0.8524126]
31.   centroid 29: 
[30.612566    0.97556716]
32.   centroid 30: 
[138.02223      0.66666573]
33.   centroid 31: 
[29.421965  0.589916]
34.   centroid 32: 
[30.015152    0.43792087]
35.   centroid 33: 
[121.165215    0.4485027]
36.   centroid 34: 
[36.73874    0.8611117]
37.   centroid 35: 
[124.07272    0.873485]
38.   centroid 36: 
[140.84848   1.     ]
39.   centroid 37: 
[205.13542      0.61019355]
40.   centroid 38: 
[24.626375    0.36080614]
41.   centroid 39: 
[32.820225  0.840824]
42.   centroid 40: 
[124.31034      0.40038326]
43.   centroid 41: 
[107.882355     0.48595726]
44.   centroid 42: 
[24.6       0.666667]
45.   centroid 43: 
[17.50685    0.5296804]
46.   centroid 44: 
[120.          0.5285495]
2026-09-05 10:10:54,046: Discriminant_Analysis_Initialisation[Image: 1_100.pgm, function: DAI]-18:
1. Centroids: 45
2.   centroid 0: 
[2.07676    0.99999994]
3.   centroid 1: 
[142.93964   1.     ]
4.   centroid 2: 
[120.24835      0.53410405]
5.   centroid 3: 
[105.786446     0.48973036]
6.   centroid 4: 
[38.395363    0.48448163]
7.   centroid 5: 
[134.34518      0.66667444]
8.   centroid 6: 
[124.64057     0.4141436]
9.   centroid 7: 
[132.83801      0.48506814]
10.   centroid 8: 
[128.86111      0.57704705]
11.   centroid 9: 
[31.188866  0.519733]
12.   centroid 10: 
[128.99387     0.5114757]
13.   centroid 11: 
[104.43695      0.85812145]
14.   centroid 12: 
[130.46153     0.5118803]
15.   centroid 13: 
[119.82476     0.8523587]
16.   centroid 14: 
[40.84657     0.86511153]
17.   centroid 15: 
[131.9195      0.9353823]
18.   centroid 16: 
[126.56371      0.94924504]
19.   centroid 17: 
[16.129387    0.66666675]
20.   centroid 18: 
[28.612246    0.55687904]
21.   centroid 19: 
[47.15719     0.43905598]
22.   centroid 20: 
[28.283216   0.4230768]
23.   centroid 21: 
[24.145906   0.5255047]
24.   centroid 22: 
[23.988281  0.530599]
25.   centroid 23: 
[141.22925   1.     ]
26.   centroid 24: 
[37.55061     0.84930134]
27.   centroid 25: 
[107.78695     0.4066182]
28.   centroid 26: 
[135.46788     0.8334548]
29.   centroid 27: 
[125.329994    0.5880274]
30.   centroid 28: 
[128.07071     0.8524126]
31.   centroid 29: 
[30.612566    0.97556716]
32.   centroid 30: 
[138.02223      0.66666573]
33.   centroid 31: 
[29.421965  0.589916]
34.   centroid 32: 
[30.015152    0.43792087]
35.   centroid 33: 
[121.165215    0.4485027]
36.   centroid 34: 
[36.73874    0.8611117]
37.   centroid 35: 
[124.07272    0.873485]
38.   centroid 36: 
[140.84848   1.     ]
39.   centroid 37: 
[205.13542      0.61019355]
40.   centroid 38: 
[24.626375    0.36080614]
41.   centroid 39: 
[32.820225  0.840824]
42.   centroid 40: 
[124.31034      0.40038326]
43.   centroid 41: 
[107.882355     0.48595726]
44.   centroid 42: 
[24.6       0.666667]
45.   centroid 43: 
[17.50685    0.5296804]
46.   centroid 44: 
[120.          0.5285495]
2026-09-05 10:13:33,248: Discriminant_Analysis_Initialisation[Image: 1_100.pgm, function: DAI]-19:
1. Centroids: 45
2.   centroid 0: 
[2.07676    0.99999994]
3.   centroid 1: 
[142.93964   1.     ]
4.   centroid 2: 
[120.24835      0.53410405]
5.   centroid 3: 
[105.786446     0.48973036]
6.   centroid 4: 
[38.395363    0.48448163]
7.   centroid 5: 
[134.34518      0.66667444]
8.   centroid 6: 
[124.64057     0.4141436]
9.   centroid 7: 
[132.83801      0.48506814]
10.   centroid 8: 
[128.86111      0.57704705]
11.   centroid 9: 
[31.188866  0.519733]
12.   centroid 10: 
[128.99387     0.5114757]
13.   centroid 11: 
[104.43695      0.85812145]
14.   centroid 12: 
[130.46153     0.5118803]
15.   centroid 13: 
[119.82476     0.8523587]
16.   centroid 14: 
[40.84657     0.86511153]
17.   centroid 15: 
[131.9195      0.9353823]
18.   centroid 16: 
[126.56371      0.94924504]
19.   centroid 17: 
[16.129387    0.66666675]
20.   centroid 18: 
[28.612246    0.55687904]
21.   centroid 19: 
[47.15719     0.43905598]
22.   centroid 20: 
[28.283216   0.4230768]
23.   centroid 21: 
[24.145906   0.5255047]
24.   centroid 22: 
[23.988281  0.530599]
25.   centroid 23: 
[141.22925   1.     ]
26.   centroid 24: 
[37.55061     0.84930134]
27.   centroid 25: 
[107.78695     0.4066182]
28.   centroid 26: 
[135.46788     0.8334548]
29.   centroid 27: 
[125.329994    0.5880274]
30.   centroid 28: 
[128.07071     0.8524126]
31.   centroid 29: 
[30.612566    0.97556716]
32.   centroid 30: 
[138.02223      0.66666573]
33.   centroid 31: 
[29.421965  0.589916]
34.   centroid 32: 
[30.015152    0.43792087]
35.   centroid 33: 
[121.165215    0.4485027]
36.   centroid 34: 
[36.73874    0.8611117]
37.   centroid 35: 
[124.07272    0.873485]
38.   centroid 36: 
[140.84848   1.     ]
39.   centroid 37: 
[205.13542      0.61019355]
40.   centroid 38: 
[24.626375    0.36080614]
41.   centroid 39: 
[32.820225  0.840824]
42.   centroid 40: 
[124.31034      0.40038326]
43.   centroid 41: 
[107.882355     0.48595726]
44.   centroid 42: 
[24.6       0.666667]
45.   centroid 43: 
[17.50685    0.5296804]
46.   centroid 44: 
[120.          0.5285495]
2026-09-05 10:21:40,134: Discriminant_Analysis_Initialisation[Image: 1_100.pgm, function: DAI]-20:
1. Centroids: 45
2.   centroid 0: 
[2.07676    0.99999994]
3.   centroid 1: 
[142.93964   1.     ]
4.   centroid 2: 
[120.24835      0.53410405]
5.   centroid 3: 
[105.786446     0.48973036]
6.   centroid 4: 
[38.395363    0.48448163]
7.   centroid 5: 
[134.34518      0.66667444]
8.   centroid 6: 
[124.64057     0.4141436]
9.   centroid 7: 
[132.83801      0.48506814]
10.   centroid 8: 
[128.86111      0.57704705]
11.   centroid 9: 
[31.188866  0.519733]
12.   centroid 10: 
[128.99387     0.5114757]
13.   centroid 11: 
[104.43695      0.85812145]
14.   centroid 12: 
[130.46153     0.5118803]
15.   centroid 13: 
[119.82476     0.8523587]
16.   centroid 14: 
[40.84657     0.86511153]
17.   centroid 15: 
[131.9195      0.9353823]
18.   centroid 16: 
[126.56371      0.94924504]
19.   centroid 17: 
[16.129387    0.66666675]
20.   centroid 18: 
[28.612246    0.55687904]
21.   centroid 19: 
[47.15719     0.43905598]
22.   centroid 20: 
[28.283216   0.4230768]
23.   centroid 21: 
[24.145906   0.5255047]
24.   centroid 22: 
[23.988281  0.530599]
25.   centroid 23: 
[141.22925   1.     ]
26.   centroid 24: 
[37.55061     0.84930134]
27.   centroid 25: 
[107.78695     0.4066182]
28.   centroid 26: 
[135.46788     0.8334548]
29.   centroid 27: 
[125.329994    0.5880274]
30.   centroid 28: 
[128.07071     0.8524126]
31.   centroid 29: 
[30.612566    0.97556716]
32.   centroid 30: 
[138.02223      0.66666573]
33.   centroid 31: 
[29.421965  0.589916]
34.   centroid 32: 
[30.015152    0.43792087]
35.   centroid 33: 
[121.165215    0.4485027]
36.   centroid 34: 
[36.73874    0.8611117]
37.   centroid 35: 
[124.07272    0.873485]
38.   centroid 36: 
[140.84848   1.     ]
39.   centroid 37: 
[205.13542      0.61019355]
40.   centroid 38: 
[24.626375    0.36080614]
41.   centroid 39: 
[32.820225  0.840824]
42.   centroid 40: 
[124.31034      0.40038326]
43.   centroid 41: 
[107.882355     0.48595726]
44.   centroid 42: 
[24.6       0.666667]
45.   centroid 43: 
[17.50685    0.5296804]
46.   centroid 44: 
[120.          0.5285495]
2026-09-05 10:23:10,390: Discriminant_Analysis_Initialisation[Image: 1_080.pgm, function: DAI]-15:
1. Centroids: 43
2.   centroid 0: 
[2.6141067 1.       ]
3.   centroid 1: 
[120.13398      0.53337955]
4.   centroid 2: 
[128.54234      0.39878887]
5.   centroid 3: 
[124.905815   1.      ]
6.   centroid 4: 
[129.3755      0.5651399]
7.   centroid 5: 
[101.64235      0.50118214]
8.   centroid 6: 
[37.389038   0.4811707]
9.   centroid 7: 
[127.77276      0.49173513]
10.   centroid 8: 
[123.761536     0.66667235]
11.   centroid 9: 
[117.05019     0.5151204]
12.   centroid 10: 
[119.06772    0.849823]
13.   centroid 11: 
[103.481674    0.8518752]
14.   centroid 12: 
[29.678726    0.50414664]
15.   centroid 13: 
[131.61972     0.5531203]
16.   centroid 14: 
[126.83788    0.957464]
17.   centroid 15: 
[126.125435     0.92941046]
18.   centroid 16: 
[43.003487   0.8543636]
19.   centroid 17: 
[31.415022    0.58097285]
20.   centroid 18: 
[18.193548   0.6666659]
21.   centroid 19: 
[46.682304    0.46171921]
22.   centroid 20: 
[24.912806   0.4482296]
23.   centroid 21: 
[114.58213     0.8378587]
24.   centroid 22: 
[23.687075   0.5045355]
25.   centroid 23: 
[130.84091      0.66666734]
26.   centroid 24: 
[115.64122      0.58343947]
27.   centroid 25: 
[21.148935   0.5427892]
28.   centroid 26: 
[34.616913   0.8587612]
29.   centroid 27: 
[127.094246   1.      ]
30.   centroid 28: 
[103.010994     0.46599495]
31.   centroid 29: 
[31.933733   0.8939094]
32.   centroid 30: 
[91.63636     0.49881682]
33.   centroid 31: 
[26.99379    0.4792612]
34.   centroid 32: 
[124.325005   0.666666]
35.   centroid 33: 
[33.239727   0.5909435]
36.   centroid 34: 
[181.82394     0.6009384]
37.   centroid 35: 
[104.7554       0.46902472]
38.   centroid 36: 
[124.58731     0.8302476]
39.   centroid 37: 
[33.603176    0.98015875]
40.   centroid 38: 
[49.55652     0.47246394]
41.   centroid 39: 
[126.901794   1.      ]
42.   centroid 40: 
[116.13334     0.8650797]
43.   centroid 41: 
[116.21212      0.42592597]
44.   centroid 42: 
[21.069767    0.39147305]
2026-09-06 00:51:09,660: Discriminant_Analysis_Initialisation[Image: 1_100.pgm, function: DAI]-21:
1. Centroids: 45
2.   centroid 0: 
[2.07676    0.99999994]
3.   centroid 1: 
[142.93964   1.     ]
4.   centroid 2: 
[120.24835      0.53410405]
5.   centroid 3: 
[105.786446     0.48973036]
6.   centroid 4: 
[38.395363    0.48448163]
7.   centroid 5: 
[134.34518      0.66667444]
8.   centroid 6: 
[124.64057     0.4141436]
9.   centroid 7: 
[132.83801      0.48506814]
10.   centroid 8: 
[128.86111      0.57704705]
11.   centroid 9: 
[31.188866  0.519733]
12.   centroid 10: 
[128.99387     0.5114757]
13.   centroid 11: 
[104.43695      0.85812145]
14.   centroid 12: 
[130.46153     0.5118803]
15.   centroid 13: 
[119.82476     0.8523587]
16.   centroid 14: 
[40.84657     0.86511153]
17.   centroid 15: 
[131.9195      0.9353823]
18.   centroid 16: 
[126.56371      0.94924504]
19.   centroid 17: 
[16.129387    0.66666675]
20.   centroid 18: 
[28.612246    0.55687904]
21.   centroid 19: 
[47.15719     0.43905598]
22.   centroid 20: 
[28.283216   0.4230768]
23.   centroid 21: 
[24.145906   0.5255047]
24.   centroid 22: 
[23.988281  0.530599]
25.   centroid 23: 
[141.22925   1.     ]
26.   centroid 24: 
[37.55061     0.84930134]
27.   centroid 25: 
[107.78695     0.4066182]
28.   centroid 26: 
[135.46788     0.8334548]
29.   centroid 27: 
[125.329994    0.5880274]
30.   centroid 28: 
[128.07071     0.8524126]
31.   centroid 29: 
[30.612566    0.97556716]
32.   centroid 30: 
[138.02223      0.66666573]
33.   centroid 31: 
[29.421965  0.589916]
34.   centroid 32: 
[30.015152    0.43792087]
35.   centroid 33: 
[121.165215    0.4485027]
36.   centroid 34: 
[36.73874    0.8611117]
37.   centroid 35: 
[124.07272    0.873485]
38.   centroid 36: 
[140.84848   1.     ]
39.   centroid 37: 
[205.13542      0.61019355]
40.   centroid 38: 
[24.626375    0.36080614]
41.   centroid 39: 
[32.820225  0.840824]
42.   centroid 40: 
[124.31034      0.40038326]
43.   centroid 41: 
[107.882355     0.48595726]
44.   centroid 42: 
[24.6       0.666667]
45.   centroid 43: 
[17.50685    0.5296804]
46.   centroid 44: 
[120.          0.5285495]
2026-09-06 10:47:32,013: Discriminant_Analysis_Initialisation[Image: 1_080.pgm, function: DAI]-16:
1. Centroids: 43
2.   centroid 0: 
[2.6141067 1.       ]
3.   centroid 1: 
[120.13398      0.53337955]
4.   centroid 2: 
[128.54234      0.39878887]
5.   centroid 3: 
[124.905815   1.      ]
6.   centroid 4: 
[129.3755      0.5651399]
7.   centroid 5: 
[101.64235      0.50118214]
8.   centroid 6: 
[37.389038   0.4811707]
9.   centroid 7: 
[127.77276      0.49173513]
10.   centroid 8: 
[123.761536     0.66667235]
11.   centroid 9: 
[117.05019     0.5151204]
12.   centroid 10: 
[119.06772    0.849823]
13.   centroid 11: 
[103.481674    0.8518752]
14.   centroid 12: 
[29.678726    0.50414664]
15.   centroid 13: 
[131.61972     0.5531203]
16.   centroid 14: 
[126.83788    0.957464]
17.   centroid 15: 
[126.125435     0.92941046]
18.   centroid 16: 
[43.003487   0.8543636]
19.   centroid 17: 
[31.415022    0.58097285]
20.   centroid 18: 
[18.193548   0.6666659]
21.   centroid 19: 
[46.682304    0.46171921]
22.   centroid 20: 
[24.912806   0.4482296]
23.   centroid 21: 
[114.58213     0.8378587]
24.   centroid 22: 
[23.687075   0.5045355]
25.   centroid 23: 
[130.84091      0.66666734]
26.   centroid 24: 
[115.64122      0.58343947]
27.   centroid 25: 
[21.148935   0.5427892]
28.   centroid 26: 
[34.616913   0.8587612]
29.   centroid 27: 
[127.094246   1.      ]
30.   centroid 28: 
[103.010994     0.46599495]
31.   centroid 29: 
[31.933733   0.8939094]
32.   centroid 30: 
[91.63636     0.49881682]
33.   centroid 31: 
[26.99379    0.4792612]
34.   centroid 32: 
[124.325005   0.666666]
35.   centroid 33: 
[33.239727   0.5909435]
36.   centroid 34: 
[181.82394     0.6009384]
37.   centroid 35: 
[104.7554       0.46902472]
38.   centroid 36: 
[124.58731     0.8302476]
39.   centroid 37: 
[33.603176    0.98015875]
40.   centroid 38: 
[49.55652     0.47246394]
41.   centroid 39: 
[126.901794   1.      ]
42.   centroid 40: 
[116.13334     0.8650797]
43.   centroid 41: 
[116.21212      0.42592597]
44.   centroid 42: 
[21.069767    0.39147305]
2026-09-06 10:52:07,375: Discriminant_Analysis_Initialisation[Image: 1_080.pgm, function: DAI]-17:
1. Centroids: 43
2.   centroid 0: 
[2.6141067 1.       ]
3.   centroid 1: 
[120.13398      0.53337955]
4.   centroid 2: 
[128.54234      0.39878887]
5.   centroid 3: 
[124.905815   1.      ]
6.   centroid 4: 
[129.3755      0.5651399]
7.   centroid 5: 
[101.64235      0.50118214]
8.   centroid 6: 
[37.389038   0.4811707]
9.   centroid 7: 
[127.77276      0.49173513]
10.   centroid 8: 
[123.761536     0.66667235]
11.   centroid 9: 
[117.05019     0.5151204]
12.   centroid 10: 
[119.06772    0.849823]
13.   centroid 11: 
[103.481674    0.8518752]
14.   centroid 12: 
[29.678726    0.50414664]
15.   centroid 13: 
[131.61972     0.5531203]
16.   centroid 14: 
[126.83788    0.957464]
17.   centroid 15: 
[126.125435     0.92941046]
18.   centroid 16: 
[43.003487   0.8543636]
19.   centroid 17: 
[31.415022    0.58097285]
20.   centroid 18: 
[18.193548   0.6666659]
21.   centroid 19: 
[46.682304    0.46171921]
22.   centroid 20: 
[24.912806   0.4482296]
23.   centroid 21: 
[114.58213     0.8378587]
24.   centroid 22: 
[23.687075   0.5045355]
25.   centroid 23: 
[130.84091      0.66666734]
26.   centroid 24: 
[115.64122      0.58343947]
27.   centroid 25: 
[21.148935   0.5427892]
28.   centroid 26: 
[34.616913   0.8587612]
29.   centroid 27: 
[127.094246   1.      ]
30.   centroid 28: 
[103.010994     0.46599495]
31.   centroid 29: 
[31.933733   0.8939094]
32.   centroid 30: 
[91.63636     0.49881682]
33.   centroid 31: 
[26.99379    0.4792612]
34.   centroid 32: 
[124.325005   0.666666]
35.   centroid 33: 
[33.239727   0.5909435]
36.   centroid 34: 
[181.82394     0.6009384]
37.   centroid 35: 
[104.7554       0.46902472]
38.   centroid 36: 
[124.58731     0.8302476]
39.   centroid 37: 
[33.603176    0.98015875]
40.   centroid 38: 
[49.55652     0.47246394]
41.   centroid 39: 
[126.901794   1.      ]
42.   centroid 40: 
[116.13334     0.8650797]
43.   centroid 41: 
[116.21212      0.42592597]
44.   centroid 42: 
[21.069767    0.39147305]
